produto_id,nome,categoria,marca,preco,estoque,data_cadastro,status_data
1,MOUSE GAMER,MOUSE,Logitech,9598.61,12,2025-01-21,COM DATA
2,FONTE 650W,FONTE,Logitech,6340.39,15,2025-01-21,COM DATA
4,MEMÓRIA 16GB,MEMÓRIA,Dell,5062.19,47,2024-07-29,COM DATA
6,SSD 240GB,SSD,Lenovo,706.45,116,2024-07-17,COM DATA
7,HEADSET GAMER,HEADSET,Samsung,5485.19,189,2022-12-17,COM DATA
8,FONTE 750W,FONTE,Corsair,3687.27,236,2023-10-27,COM DATA
9,RTX 4060,PLACA DE VÍDEO,Kingston,11644.48,117,2023-10-07,COM DATA
10,SSD 1TB,SSD,AMD,7498.48,452,2025-01-08,COM DATA
11,MOUSE GAMER,MOUSE,Redragon,8777.1,459,2022-04-07,COM DATA
12,MONITOR 24,MONITOR,Intel,2309.56,81,2024-12-19,COM DATA
15,CORE I5,PROCESSADOR,AMD,7624.79,101,2022-01-02,COM DATA
16,HD 2TB,HD,Kingston,7339.31,57,2022-06-11,COM DATA
17,MOUSE GAMER,MOUSE,AMD,7300.14,35,2022-12-05,COM DATA
18,IMPRESSORA LASER,IMPRESSORA,Logitech,13089.05,216,2023-10-01,COM DATA
19,MONITOR 27,MONITOR,Asus,10081.87,191,2022-02-13,COM DATA
21,CORE I7,PROCESSADOR,Redragon,7291.51,276,2024-08-26,COM DATA
22,RTX 4070,PLACA DE VÍDEO,Dell,2872.34,49,,SEM DATA
23,RX 7600,PLACA DE VÍDEO,Lenovo,12012.88,55,2024-08-05,COM DATA
24,MONITOR 27,MONITOR,Samsung,13850.52,226,2023-04-30,COM DATA
25,MOUSE SEM FIO,MOUSE,Lenovo,7294.9,109,2024-07-20,COM DATA
26,HEADSET GAMER,HEADSET,Lenovo,10454.94,374,2023-03-22,COM DATA
29,RYZEN 7,PROCESSADOR,HP,615.33,41,2023-10-06,COM DATA
30,IMPRESSORA LASER,IMPRESSORA,Intel,5948.87,343,2025-02-27,COM DATA
31,MEMÓRIA 16GB,MEMÓRIA,HP,1117.45,109,2024-01-27,COM DATA
32,FONTE 750W,FONTE,AOC,6584.0,278,2025-02-09,COM DATA
33,MONITOR 27,MONITOR,Lenovo,9957.56,480,2023-08-01,COM DATA
34,RYZEN 7,PROCESSADOR,AOC,10769.83,104,2022-04-15,COM DATA
36,HEADSET GAMER,HEADSET,Dell,6426.75,4,2024-01-27,COM DATA
38,FONTE 650W,FONTE,HP,5318.11,286,2022-11-29,COM DATA
39,MEMÓRIA 8GB,MEMÓRIA,Redragon,12165.36,451,2023-05-24,COM DATA
41,RTX 4060,PLACA DE VÍDEO,Samsung,11934.28,116,2023-07-26,COM DATA
42,NOTEBOOK GAMER,NOTEBOOK,LG,7650.9,347,2025-04-04,COM DATA
43,MEMÓRIA 8GB,MEMÓRIA,Samsung,3996.69,55,2024-02-28,COM DATA
45,GABINETE RGB,GABINETE,Lenovo,1068.21,340,2024-11-04,COM DATA
46,TECLADO MECÂNICO,TECLADO,Corsair,6137.73,206,2022-12-23,COM DATA
47,TECLADO MECÂNICO,TECLADO,Kingston,4528.23,280,2023-10-22,COM DATA
48,WEBCAM HD,HD,Lenovo,6643.55,109,2024-11-21,COM DATA
49,GABINETE RGB,GABINETE,HP,9296.53,47,,SEM DATA
51,IMPRESSORA LASER,IMPRESSORA,Acer,3674.89,335,2023-03-25,COM DATA
52,MONITOR 27,MONITOR,Intel,14370.33,265,2024-12-23,COM DATA
53,WEBCAM HD,HD,AOC,8939.88,486,2025-01-27,COM DATA
54,SSD 240GB,SSD,Redragon,2404.19,441,2024-12-03,COM DATA
57,IMPRESSORA LASER,IMPRESSORA,Dell,5854.36,394,2023-12-22,COM DATA
58,WEBCAM HD,HD,Kingston,5862.0,456,2023-03-28,COM DATA
60,NOTEBOOK GAMER,NOTEBOOK,LG,8021.17,464,2024-08-03,COM DATA
61,IMPRESSORA LASER,IMPRESSORA,Redragon,3917.14,167,2024-05-13,COM DATA
63,SSD 240GB,SSD,Samsung,14245.18,102,2025-03-01,COM DATA
64,FONTE 650W,FONTE,Samsung,6986.21,131,2022-12-02,COM DATA
65,RTX 4060,PLACA DE VÍDEO,HP,1639.32,13,2022-06-05,COM DATA
66,GABINETE RGB,GABINETE,Redragon,12461.96,124,2025-03-05,COM DATA
68,MOUSE GAMER,MOUSE,AMD,14412.6,325,2023-07-08,COM DATA
69,WEBCAM HD,HD,AOC,13795.87,396,2023-05-18,COM DATA
70,CORE I7,PROCESSADOR,Asus,1318.21,451,2022-02-28,COM DATA
71,MEMÓRIA 8GB,MEMÓRIA,Logitech,4888.71,249,2023-07-20,COM DATA
72,RYZEN 5,PROCESSADOR,Logitech,7759.08,97,2024-09-02,COM DATA
74,MEMÓRIA 16GB,MEMÓRIA,Lenovo,7973.21,217,2023-05-30,COM DATA
75,IMPRESSORA LASER,IMPRESSORA,HP,10824.84,161,2024-09-18,COM DATA
76,MONITOR 27,MONITOR,HP,8852.01,389,2024-01-10,COM DATA
78,MOUSE SEM FIO,MOUSE,AOC,203.74,145,2024-09-05,COM DATA
80,RYZEN 7,PROCESSADOR,Intel,6254.29,305,2023-09-01,COM DATA
84,MOUSE GAMER,MOUSE,Redragon,8177.54,331,2023-09-22,COM DATA
85,HEADSET GAMER,HEADSET,Lenovo,12367.12,471,2024-10-21,COM DATA
87,NOTEBOOK OFFICE,NOTEBOOK,Intel,330.77,391,2024-11-28,COM DATA
88,RYZEN 5,PROCESSADOR,Asus,13742.77,92,2024-04-16,COM DATA
89,RYZEN 5,PROCESSADOR,AOC,10058.6,439,,SEM DATA
90,RYZEN 7,PROCESSADOR,Corsair,4731.47,165,2025-01-16,COM DATA
91,FONTE 750W,FONTE,HP,831.98,265,2023-07-01,COM DATA
92,NOTEBOOK GAMER,NOTEBOOK,Redragon,13916.54,224,2023-05-06,COM DATA
93,MONITOR 27,MONITOR,Corsair,4675.04,7,2022-11-12,COM DATA
94,RYZEN 5,PROCESSADOR,Intel,10754.72,260,2025-02-02,COM DATA
95,MONITOR 24,MONITOR,AOC,2875.34,306,2024-04-29,COM DATA
96,HD 2TB,HD,Corsair,11820.01,136,2024-09-29,COM DATA
97,CORE I5,PROCESSADOR,Asus,6709.28,247,2023-01-22,COM DATA
98,NOTEBOOK OFFICE,NOTEBOOK,Logitech,3597.31,196,2024-02-20,COM DATA
99,NOTEBOOK OFFICE,NOTEBOOK,Asus,9962.06,420,2022-07-25,COM DATA
101,MEMÓRIA 8GB,MEMÓRIA,AMD,3990.04,319,2024-02-18,COM DATA
102,NOTEBOOK OFFICE,NOTEBOOK,Corsair,9409.45,454,2023-08-12,COM DATA
103,HEADSET GAMER,HEADSET,LG,11206.56,222,2023-09-06,COM DATA
105,RYZEN 5,PROCESSADOR,HP,1202.95,445,2024-08-02,COM DATA
107,HD 2TB,HD,AOC,4501.33,492,2024-09-16,COM DATA
108,HD 2TB,HD,Lenovo,5732.84,183,2022-01-17,COM DATA
109,WEBCAM HD,HD,Lenovo,10293.28,381,2023-04-17,COM DATA
110,IMPRESSORA LASER,IMPRESSORA,Corsair,5297.77,325,2022-10-08,COM DATA
112,MEMÓRIA 16GB,MEMÓRIA,Lenovo,2651.09,67,2022-12-03,COM DATA
113,MEMÓRIA 8GB,MEMÓRIA,Samsung,12373.85,246,2022-10-16,COM DATA
114,CORE I5,PROCESSADOR,Acer,3399.71,346,2022-01-29,COM DATA
115,CORE I7,PROCESSADOR,Asus,1871.36,188,2022-08-10,COM DATA
116,FONTE 650W,FONTE,Corsair,7082.72,317,2024-08-08,COM DATA
118,HEADSET GAMER,HEADSET,Kingston,2052.25,232,2022-11-13,COM DATA
119,SSD 1TB,SSD,HP,9830.73,426,2024-06-27,COM DATA
120,CORE I5,PROCESSADOR,Asus,3556.97,185,2022-05-05,COM DATA
121,MONITOR 24,MONITOR,Corsair,2863.33,62,,SEM DATA
122,IMPRESSORA LASER,IMPRESSORA,HP,3668.66,64,2023-04-23,COM DATA
123,MOUSE GAMER,MOUSE,Lenovo,2230.36,461,2022-12-24,COM DATA
125,CORE I7,PROCESSADOR,HP,11190.07,243,2022-03-30,COM DATA
126,NOTEBOOK GAMER,NOTEBOOK,AOC,13633.1,337,2024-04-02,COM DATA
128,RYZEN 7,PROCESSADOR,Kingston,8788.76,364,2024-05-31,COM DATA
129,CORE I5,PROCESSADOR,Acer,10532.66,436,2024-07-13,COM DATA
130,MONITOR 27,MONITOR,Corsair,6218.93,423,2023-06-07,COM DATA
131,MONITOR 24,MONITOR,Logitech,2306.53,472,2024-02-03,COM DATA
132,GABINETE RGB,GABINETE,AOC,8354.43,300,2024-05-16,COM DATA
133,MONITOR 27,MONITOR,LG,10821.49,495,2024-09-14,COM DATA
134,SSD 1TB,SSD,Acer,1641.11,432,2025-02-22,COM DATA
135,FONTE 650W,FONTE,Logitech,12280.03,314,,SEM DATA
136,MOUSE SEM FIO,MOUSE,Corsair,10546.43,158,,SEM DATA
137,MEMÓRIA 8GB,MEMÓRIA,Logitech,1394.53,271,2023-10-27,COM DATA
138,IMPRESSORA LASER,IMPRESSORA,Samsung,8522.55,43,2023-07-12,COM DATA
139,IMPRESSORA LASER,IMPRESSORA,Acer,6371.74,310,2022-08-16,COM DATA
140,SSD 240GB,SSD,Dell,10183.72,249,2022-01-16,COM DATA
141,MEMÓRIA 8GB,MEMÓRIA,Logitech,14180.95,392,2024-05-31,COM DATA
142,GABINETE RGB,GABINETE,Acer,5715.51,360,2022-03-28,COM DATA
143,CORE I7,PROCESSADOR,Acer,6907.12,39,2023-08-16,COM DATA
144,RX 7600,PLACA DE VÍDEO,Asus,332.43,166,2022-06-30,COM DATA
145,RTX 4060,PLACA DE VÍDEO,Asus,1605.83,223,2023-03-30,COM DATA
146,TECLADO MECÂNICO,TECLADO,Asus,2538.63,261,2022-10-30,COM DATA
147,IMPRESSORA LASER,IMPRESSORA,Redragon,2213.73,101,2024-10-08,COM DATA
148,CORE I7,PROCESSADOR,Asus,8464.76,296,2023-10-10,COM DATA
149,CORE I7,PROCESSADOR,Lenovo,1042.93,226,2024-08-03,COM DATA
150,MONITOR 24,MONITOR,Acer,872.21,425,2024-08-05,COM DATA
151,CORE I7,PROCESSADOR,Kingston,14314.39,378,2024-09-01,COM DATA
152,MEMÓRIA 8GB,MEMÓRIA,AMD,14366.68,230,,SEM DATA
153,MEMÓRIA 16GB,MEMÓRIA,Acer,14864.97,268,2023-11-24,COM DATA
155,FONTE 750W,FONTE,LG,8749.44,72,2022-06-23,COM DATA
156,HEADSET GAMER,HEADSET,Corsair,5662.66,405,2024-12-14,COM DATA
157,MOUSE SEM FIO,MOUSE,Redragon,10063.43,260,2024-09-22,COM DATA
159,MOUSE SEM FIO,MOUSE,Redragon,13148.36,316,2022-12-06,COM DATA
160,RX 7600,PLACA DE VÍDEO,Logitech,674.51,186,2024-07-08,COM DATA
161,TECLADO MECÂNICO,TECLADO,Intel,3602.74,494,2024-08-03,COM DATA
162,TECLADO MECÂNICO,TECLADO,AOC,11676.3,257,,SEM DATA
163,RYZEN 7,PROCESSADOR,Samsung,13114.27,283,2022-11-25,COM DATA
164,SSD 240GB,SSD,Asus,13581.49,75,2022-02-24,COM DATA
165,MEMÓRIA 16GB,MEMÓRIA,Samsung,5958.88,191,2023-11-18,COM DATA
166,MOUSE GAMER,MOUSE,Intel,2081.24,146,2022-01-11,COM DATA
167,WEBCAM HD,HD,Samsung,304.68,110,2023-08-14,COM DATA
168,RX 7600,PLACA DE VÍDEO,Kingston,1845.29,122,,SEM DATA
169,FONTE 650W,FONTE,Acer,8634.21,367,2023-01-19,COM DATA
170,CORE I5,PROCESSADOR,AMD,1302.5,499,2022-02-11,COM DATA
171,WEBCAM HD,HD,Asus,7062.62,325,2023-05-09,COM DATA
172,MOUSE GAMER,MOUSE,AOC,9431.29,395,2022-12-25,COM DATA
173,MOUSE GAMER,MOUSE,Dell,10276.54,356,2023-08-24,COM DATA
175,MONITOR 27,MONITOR,Acer,12934.84,24,2024-06-19,COM DATA
176,MEMÓRIA 16GB,MEMÓRIA,Lenovo,5811.94,498,2022-06-19,COM DATA
177,HD 2TB,HD,Asus,1202.33,308,2023-08-29,COM DATA
178,RX 7600,PLACA DE VÍDEO,Kingston,9047.27,218,2024-06-09,COM DATA
180,CORE I7,PROCESSADOR,Corsair,3555.21,330,2024-07-10,COM DATA
182,IMPRESSORA LASER,IMPRESSORA,HP,7495.68,198,2023-08-08,COM DATA
183,RX 7600,PLACA DE VÍDEO,Intel,14979.46,102,2022-06-29,COM DATA
184,CORE I5,PROCESSADOR,Lenovo,14514.07,163,2022-11-19,COM DATA
185,SSD 240GB,SSD,Redragon,13911.32,326,2022-10-12,COM DATA
186,CORE I5,PROCESSADOR,Samsung,7420.45,184,2022-05-15,COM DATA
187,RTX 4070,PLACA DE VÍDEO,LG,14993.93,368,2023-10-12,COM DATA
188,IMPRESSORA LASER,IMPRESSORA,LG,6760.62,348,2022-09-22,COM DATA
189,HD 2TB,HD,Logitech,13662.47,28,2023-04-07,COM DATA
191,MOUSE GAMER,MOUSE,Logitech,1419.56,328,2023-11-23,COM DATA
192,FONTE 750W,FONTE,Corsair,8463.0,422,2023-03-08,COM DATA
194,RX 7600,PLACA DE VÍDEO,LG,1113.14,30,2023-10-03,COM DATA
195,IMPRESSORA LASER,IMPRESSORA,Samsung,4803.36,440,2023-10-16,COM DATA
196,HD 2TB,HD,Kingston,1855.38,230,2024-05-06,COM DATA
197,WEBCAM HD,HD,LG,12982.31,81,2024-10-17,COM DATA
199,GABINETE RGB,GABINETE,Dell,777.1,253,2022-08-09,COM DATA
200,NOTEBOOK OFFICE,NOTEBOOK,AMD,13239.19,372,2023-02-03,COM DATA
201,SSD 1TB,SSD,Corsair,4343.25,197,2022-09-01,COM DATA
202,MEMÓRIA 16GB,MEMÓRIA,Kingston,1468.29,191,2024-11-08,COM DATA
203,RYZEN 5,PROCESSADOR,Kingston,623.02,19,2024-11-21,COM DATA
204,WEBCAM HD,HD,Asus,13971.9,163,2024-11-04,COM DATA
205,NOTEBOOK GAMER,NOTEBOOK,Samsung,7994.45,362,2024-05-03,COM DATA
206,FONTE 650W,FONTE,Redragon,11955.39,371,2025-03-30,COM DATA
207,WEBCAM HD,HD,Acer,10826.57,298,2022-10-30,COM DATA
208,NOTEBOOK GAMER,NOTEBOOK,LG,3648.1,293,2024-04-25,COM DATA
209,WEBCAM HD,HD,LG,6167.45,396,2024-11-28,COM DATA
210,MOUSE SEM FIO,MOUSE,Asus,4889.24,339,2025-01-23,COM DATA
211,SSD 1TB,SSD,HP,11584.41,369,2023-07-26,COM DATA
212,HEADSET GAMER,HEADSET,Intel,3388.51,498,2023-10-12,COM DATA
213,MONITOR 27,MONITOR,Acer,8416.1,478,2024-03-19,COM DATA
215,HEADSET GAMER,HEADSET,Kingston,3225.52,423,2023-05-06,COM DATA
216,MONITOR 27,MONITOR,Intel,10054.11,271,2022-07-25,COM DATA
217,RTX 4070,PLACA DE VÍDEO,Intel,2079.26,493,2024-09-04,COM DATA
218,IMPRESSORA LASER,IMPRESSORA,HP,11343.55,147,2024-12-31,COM DATA
219,MOUSE SEM FIO,MOUSE,AOC,12757.99,19,2024-03-24,COM DATA
220,NOTEBOOK OFFICE,NOTEBOOK,Asus,2810.95,383,2023-08-06,COM DATA
221,RYZEN 7,PROCESSADOR,Redragon,9626.86,268,2022-08-19,COM DATA
222,WEBCAM HD,HD,Kingston,10972.17,331,2023-01-31,COM DATA
223,MEMÓRIA 8GB,MEMÓRIA,Samsung,12845.07,459,2023-01-14,COM DATA
224,SSD 240GB,SSD,Asus,7172.26,479,2023-09-11,COM DATA
225,NOTEBOOK OFFICE,NOTEBOOK,Lenovo,8601.7,133,2022-11-24,COM DATA
226,HEADSET GAMER,HEADSET,Lenovo,7547.76,458,2024-01-23,COM DATA
227,FONTE 650W,FONTE,AMD,3302.55,68,2024-08-22,COM DATA
228,IMPRESSORA LASER,IMPRESSORA,Samsung,12033.88,422,2024-12-12,COM DATA
229,CORE I5,PROCESSADOR,Kingston,10562.42,39,2025-01-04,COM DATA
230,HEADSET GAMER,HEADSET,AMD,4935.2,266,2024-07-01,COM DATA
231,CORE I5,PROCESSADOR,Lenovo,6812.42,262,2022-02-14,COM DATA
233,IMPRESSORA LASER,IMPRESSORA,Corsair,7091.63,146,2024-05-10,COM DATA
234,RTX 4060,PLACA DE VÍDEO,AOC,13372.18,229,2025-01-09,COM DATA
235,RYZEN 7,PROCESSADOR,AOC,12907.09,60,2022-01-08,COM DATA
236,CORE I5,PROCESSADOR,HP,14677.79,237,2024-08-01,COM DATA
237,NOTEBOOK OFFICE,NOTEBOOK,Kingston,4149.23,479,2022-02-02,COM DATA
239,WEBCAM HD,HD,Kingston,11645.43,71,2023-10-19,COM DATA
240,SSD 1TB,SSD,Corsair,13146.35,338,2024-05-24,COM DATA
241,RYZEN 7,PROCESSADOR,Acer,722.32,176,2022-11-02,COM DATA
242,HD 2TB,HD,Redragon,2774.51,275,2024-08-06,COM DATA
243,RTX 4060,PLACA DE VÍDEO,Asus,8444.54,495,2022-06-11,COM DATA
244,NOTEBOOK OFFICE,NOTEBOOK,Kingston,12710.06,47,2022-03-22,COM DATA
245,TECLADO MECÂNICO,TECLADO,Asus,2838.69,389,2023-09-13,COM DATA
246,WEBCAM HD,HD,HP,249.7,479,2023-02-23,COM DATA
247,CORE I5,PROCESSADOR,Lenovo,3605.18,164,2024-01-07,COM DATA
248,IMPRESSORA LASER,IMPRESSORA,HP,7469.21,50,2024-01-30,COM DATA
249,SSD 1TB,SSD,Kingston,704.82,442,2024-05-05,COM DATA
250,RYZEN 5,PROCESSADOR,Asus,2958.95,117,2023-06-12,COM DATA
251,MOUSE SEM FIO,MOUSE,LG,7339.54,370,2022-10-14,COM DATA
252,NOTEBOOK OFFICE,NOTEBOOK,AOC,7334.98,469,2022-06-02,COM DATA
254,RYZEN 5,PROCESSADOR,Dell,5610.55,316,2024-12-25,COM DATA
255,HD 2TB,HD,Redragon,197.53,271,2023-01-03,COM DATA
256,SSD 1TB,SSD,Redragon,1462.78,76,,SEM DATA
257,GABINETE RGB,GABINETE,Corsair,6895.79,124,2022-03-06,COM DATA
258,HEADSET GAMER,HEADSET,AOC,5701.38,282,2024-06-07,COM DATA
259,RYZEN 7,PROCESSADOR,HP,4982.43,500,2025-03-06,COM DATA
260,CORE I5,PROCESSADOR,LG,717.5,38,,SEM DATA
261,MONITOR 24,MONITOR,HP,8813.8,385,2025-03-06,COM DATA
262,WEBCAM HD,HD,Logitech,5849.57,459,2022-06-10,COM DATA
263,MONITOR 24,MONITOR,Kingston,14615.36,27,2024-03-23,COM DATA
264,RYZEN 5,PROCESSADOR,Acer,4909.12,324,2024-06-03,COM DATA
265,SSD 240GB,SSD,Lenovo,8796.41,194,2022-11-12,COM DATA
266,MONITOR 27,MONITOR,Intel,11762.68,78,2024-01-08,COM DATA
267,CORE I5,PROCESSADOR,Dell,1551.43,44,2022-07-03,COM DATA
268,NOTEBOOK GAMER,NOTEBOOK,Redragon,1414.1,306,2022-06-23,COM DATA
269,GABINETE RGB,GABINETE,Lenovo,8401.86,500,2023-09-09,COM DATA
270,RYZEN 5,PROCESSADOR,Lenovo,2206.1,85,2023-05-21,COM DATA
271,HD 2TB,HD,Asus,7447.12,315,2024-02-18,COM DATA
272,FONTE 750W,FONTE,Lenovo,4956.53,171,2023-10-19,COM DATA
273,MEMÓRIA 8GB,MEMÓRIA,Corsair,10435.48,245,2024-10-02,COM DATA
274,RTX 4060,PLACA DE VÍDEO,Kingston,11733.98,166,2023-02-14,COM DATA
276,RYZEN 5,PROCESSADOR,HP,1056.0,434,2023-06-02,COM DATA
277,FONTE 650W,FONTE,AMD,10734.24,404,2024-11-03,COM DATA
278,MEMÓRIA 16GB,MEMÓRIA,AMD,13047.11,214,2022-06-24,COM DATA
279,NOTEBOOK OFFICE,NOTEBOOK,Corsair,3738.5,340,2024-03-29,COM DATA
281,CORE I7,PROCESSADOR,Asus,3331.06,191,2022-02-20,COM DATA
282,WEBCAM HD,HD,Asus,4445.57,471,2024-07-21,COM DATA
283,HEADSET GAMER,HEADSET,Lenovo,7826.3,178,2022-04-02,COM DATA
284,MOUSE SEM FIO,MOUSE,HP,1743.98,434,2024-11-22,COM DATA
285,RTX 4060,PLACA DE VÍDEO,Corsair,2418.83,286,2024-06-04,COM DATA
286,RTX 4060,PLACA DE VÍDEO,HP,11066.08,452,2023-07-25,COM DATA
287,CORE I5,PROCESSADOR,HP,12134.77,32,2024-07-26,COM DATA
288,FONTE 650W,FONTE,Kingston,10067.11,250,2022-08-22,COM DATA
289,HD 2TB,HD,Samsung,12685.86,316,2022-10-02,COM DATA
290,RYZEN 7,PROCESSADOR,LG,3593.82,59,2025-03-23,COM DATA
291,MOUSE SEM FIO,MOUSE,Lenovo,2802.59,325,2022-10-15,COM DATA
293,RX 7600,PLACA DE VÍDEO,Kingston,7434.65,350,2022-03-05,COM DATA
294,MOUSE SEM FIO,MOUSE,Logitech,3323.53,16,2024-10-11,COM DATA
295,MEMÓRIA 16GB,MEMÓRIA,Dell,1715.9,58,2024-06-22,COM DATA
296,SSD 240GB,SSD,Intel,14846.84,52,2023-06-23,COM DATA
297,SSD 240GB,SSD,Kingston,12254.59,224,2023-12-20,COM DATA
298,TECLADO MECÂNICO,TECLADO,Dell,9161.72,219,2025-03-13,COM DATA
299,HD 2TB,HD,AOC,4230.65,275,2024-11-19,COM DATA
300,RTX 4070,PLACA DE VÍDEO,AOC,10195.9,48,2022-09-17,COM DATA
301,IMPRESSORA LASER,IMPRESSORA,Intel,2007.71,74,2022-10-19,COM DATA
304,SSD 1TB,SSD,Asus,5977.78,495,2025-01-25,COM DATA
305,IMPRESSORA LASER,IMPRESSORA,Corsair,8500.81,248,,SEM DATA
307,MONITOR 24,MONITOR,Corsair,13992.23,140,,SEM DATA
308,HEADSET GAMER,HEADSET,Intel,10895.31,386,2022-06-09,COM DATA
310,MEMÓRIA 8GB,MEMÓRIA,LG,3449.62,45,2024-02-23,COM DATA
311,MONITOR 24,MONITOR,Kingston,11302.3,68,2022-12-03,COM DATA
312,FONTE 650W,FONTE,HP,10842.03,321,2022-06-27,COM DATA
313,RTX 4070,PLACA DE VÍDEO,HP,2117.4,63,2023-07-22,COM DATA
314,IMPRESSORA LASER,IMPRESSORA,AOC,3737.54,307,2023-09-10,COM DATA
315,NOTEBOOK OFFICE,NOTEBOOK,HP,9111.76,96,2024-10-10,COM DATA
316,NOTEBOOK GAMER,NOTEBOOK,Asus,3631.4,326,2022-09-28,COM DATA
317,IMPRESSORA LASER,IMPRESSORA,Samsung,12587.82,215,2022-02-04,COM DATA
319,FONTE 650W,FONTE,Lenovo,6365.16,205,2022-06-11,COM DATA
320,CORE I7,PROCESSADOR,Corsair,3063.9,413,2022-05-16,COM DATA
323,IMPRESSORA LASER,IMPRESSORA,Samsung,12341.15,132,2022-03-02,COM DATA
325,WEBCAM HD,HD,AMD,2376.5,395,,SEM DATA
326,MOUSE SEM FIO,MOUSE,Dell,3683.38,241,2025-02-06,COM DATA
327,RTX 4070,PLACA DE VÍDEO,Lenovo,10716.03,335,2022-06-09,COM DATA
328,RYZEN 7,PROCESSADOR,Samsung,1808.63,344,2024-08-10,COM DATA
329,NOTEBOOK GAMER,NOTEBOOK,Kingston,11607.44,159,2023-09-15,COM DATA
330,IMPRESSORA LASER,IMPRESSORA,AMD,3653.91,188,2023-05-18,COM DATA
331,HEADSET GAMER,HEADSET,Dell,13987.32,12,2024-02-10,COM DATA
332,RTX 4070,PLACA DE VÍDEO,LG,10913.68,53,2023-07-28,COM DATA
333,MEMÓRIA 16GB,MEMÓRIA,Samsung,13820.69,459,2025-04-04,COM DATA
334,NOTEBOOK OFFICE,NOTEBOOK,HP,2020.04,419,2023-08-21,COM DATA
335,MEMÓRIA 8GB,MEMÓRIA,HP,4738.83,410,2022-06-02,COM DATA
336,MOUSE SEM FIO,MOUSE,Acer,2058.96,394,2022-09-05,COM DATA
337,MONITOR 27,MONITOR,Corsair,14470.23,106,2023-09-16,COM DATA
338,MOUSE GAMER,MOUSE,Asus,10459.23,20,2024-03-22,COM DATA
339,RTX 4060,PLACA DE VÍDEO,Logitech,10164.21,133,2025-01-31,COM DATA
340,NOTEBOOK OFFICE,NOTEBOOK,LG,6941.41,411,2023-02-10,COM DATA
341,CORE I7,PROCESSADOR,Samsung,5596.15,322,2022-02-14,COM DATA
342,MEMÓRIA 8GB,MEMÓRIA,Dell,2982.3,330,2022-12-11,COM DATA
344,FONTE 750W,FONTE,AMD,13253.69,17,,SEM DATA
345,RYZEN 7,PROCESSADOR,AMD,5757.57,214,2022-02-09,COM DATA
346,MEMÓRIA 16GB,MEMÓRIA,Asus,11733.1,183,2024-03-06,COM DATA
347,IMPRESSORA LASER,IMPRESSORA,Intel,410.42,305,2024-12-20,COM DATA
348,GABINETE RGB,GABINETE,AOC,8768.15,119,2022-04-25,COM DATA
349,MEMÓRIA 16GB,MEMÓRIA,LG,14218.08,294,2022-12-27,COM DATA
350,NOTEBOOK GAMER,NOTEBOOK,Kingston,4783.71,377,2025-02-28,COM DATA
351,RYZEN 5,PROCESSADOR,Intel,14226.56,428,2022-03-19,COM DATA
354,MEMÓRIA 8GB,MEMÓRIA,LG,5616.39,482,2024-06-13,COM DATA
355,CORE I5,PROCESSADOR,Kingston,14410.72,332,2024-01-01,COM DATA
356,HD 2TB,HD,Dell,8842.47,89,2025-03-19,COM DATA
357,MEMÓRIA 8GB,MEMÓRIA,HP,14914.36,494,2025-03-04,COM DATA
358,MEMÓRIA 8GB,MEMÓRIA,Samsung,7452.85,169,2023-11-19,COM DATA
359,MONITOR 27,MONITOR,Acer,3992.88,127,2024-06-16,COM DATA
360,MEMÓRIA 16GB,MEMÓRIA,AOC,14537.15,452,2024-09-08,COM DATA
361,MONITOR 24,MONITOR,Lenovo,8679.27,388,2022-02-11,COM DATA
362,MOUSE SEM FIO,MOUSE,Samsung,14275.9,37,2023-11-24,COM DATA
363,FONTE 750W,FONTE,Acer,9212.4,247,,SEM DATA
364,WEBCAM HD,HD,Lenovo,3099.15,97,2023-09-02,COM DATA
365,NOTEBOOK OFFICE,NOTEBOOK,Samsung,763.54,292,2023-08-27,COM DATA
367,FONTE 750W,FONTE,Asus,5974.06,250,2024-02-21,COM DATA
368,SSD 1TB,SSD,Redragon,6697.71,134,2022-07-18,COM DATA
369,SSD 240GB,SSD,Acer,5169.99,277,2024-12-06,COM DATA
370,SSD 240GB,SSD,Acer,8042.01,443,2022-03-13,COM DATA
371,MOUSE GAMER,MOUSE,Intel,13508.82,409,2022-12-21,COM DATA
372,RTX 4070,PLACA DE VÍDEO,HP,2524.13,108,2022-10-30,COM DATA
373,MONITOR 24,MONITOR,AMD,3883.14,466,2023-10-30,COM DATA
374,FONTE 650W,FONTE,Acer,7804.93,469,2022-08-19,COM DATA
375,MONITOR 27,MONITOR,Redragon,2240.03,301,2022-07-26,COM DATA
376,RTX 4060,PLACA DE VÍDEO,Kingston,13014.78,450,,SEM DATA
377,NOTEBOOK OFFICE,NOTEBOOK,Asus,6056.55,316,,SEM DATA
378,HD 2TB,HD,Intel,13814.11,459,2022-07-21,COM DATA
379,MEMÓRIA 8GB,MEMÓRIA,Kingston,3434.8,153,2022-07-02,COM DATA
380,RYZEN 7,PROCESSADOR,Dell,3186.63,421,2024-11-21,COM DATA
381,RYZEN 7,PROCESSADOR,LG,1002.94,363,2023-01-30,COM DATA
382,MEMÓRIA 16GB,MEMÓRIA,Asus,3026.89,29,2024-08-08,COM DATA
383,RYZEN 5,PROCESSADOR,AOC,9538.44,63,2024-08-29,COM DATA
384,HEADSET GAMER,HEADSET,Acer,5259.4,83,2022-04-12,COM DATA
385,SSD 240GB,SSD,Corsair,8592.43,494,2024-04-18,COM DATA
387,SSD 1TB,SSD,AOC,12080.18,156,2023-12-16,COM DATA
388,RTX 4060,PLACA DE VÍDEO,AMD,3288.77,154,2024-02-06,COM DATA
389,MONITOR 24,MONITOR,Corsair,8914.71,144,2023-10-28,COM DATA
390,TECLADO MECÂNICO,TECLADO,HP,3931.98,364,2022-04-27,COM DATA
391,MOUSE GAMER,MOUSE,Intel,12039.41,307,2023-08-29,COM DATA
392,CORE I7,PROCESSADOR,Logitech,6290.11,198,2023-04-01,COM DATA
393,RYZEN 7,PROCESSADOR,AOC,9581.94,243,2025-02-17,COM DATA
394,CORE I5,PROCESSADOR,Corsair,1482.09,65,2023-11-19,COM DATA
395,MEMÓRIA 8GB,MEMÓRIA,Lenovo,3349.36,114,2024-08-07,COM DATA
396,FONTE 650W,FONTE,AMD,7068.64,443,2022-09-03,COM DATA
397,MOUSE GAMER,MOUSE,Asus,5737.4,152,2024-04-18,COM DATA
398,MOUSE SEM FIO,MOUSE,Asus,13394.82,234,2022-12-29,COM DATA
399,MOUSE SEM FIO,MOUSE,Intel,889.04,231,2022-06-30,COM DATA
400,RTX 4060,PLACA DE VÍDEO,Logitech,6517.0,219,2024-02-04,COM DATA
401,GABINETE RGB,GABINETE,HP,13382.26,387,2023-12-07,COM DATA
402,NOTEBOOK OFFICE,NOTEBOOK,Intel,1558.57,257,2024-12-01,COM DATA
403,RYZEN 5,PROCESSADOR,LG,5080.77,454,,SEM DATA
406,HEADSET GAMER,HEADSET,Corsair,6263.3,194,2022-01-20,COM DATA
407,HEADSET GAMER,HEADSET,Samsung,9931.74,339,2024-11-13,COM DATA
408,FONTE 650W,FONTE,AOC,1783.66,58,2024-12-07,COM DATA
410,MONITOR 24,MONITOR,Logitech,13605.06,427,2022-07-27,COM DATA
411,RX 7600,PLACA DE VÍDEO,AOC,9672.17,233,2022-03-22,COM DATA
412,MONITOR 27,MONITOR,Dell,5416.02,346,2022-01-20,COM DATA
413,FONTE 650W,FONTE,Samsung,9957.06,87,2024-02-03,COM DATA
414,RTX 4060,PLACA DE VÍDEO,Redragon,2759.38,205,2024-05-13,COM DATA
415,MOUSE SEM FIO,MOUSE,Kingston,11957.71,57,2024-09-15,COM DATA
416,FONTE 650W,FONTE,Intel,10182.33,92,2024-09-26,COM DATA
418,HEADSET GAMER,HEADSET,Corsair,14337.31,447,2023-05-25,COM DATA
419,CORE I5,PROCESSADOR,Dell,9962.39,328,2022-01-24,COM DATA
420,MOUSE SEM FIO,MOUSE,Asus,2370.77,434,2023-05-09,COM DATA
421,RTX 4060,PLACA DE VÍDEO,Intel,4186.79,259,2024-06-28,COM DATA
422,RYZEN 5,PROCESSADOR,Samsung,6732.52,438,2024-04-06,COM DATA
424,SSD 240GB,SSD,AMD,10078.69,486,2024-08-26,COM DATA
425,SSD 240GB,SSD,AOC,5462.15,231,2023-08-21,COM DATA
427,TECLADO MECÂNICO,TECLADO,Redragon,2829.4,476,,SEM DATA
428,RYZEN 7,PROCESSADOR,Dell,1865.82,456,2024-12-22,COM DATA
429,RYZEN 7,PROCESSADOR,LG,8307.33,221,2025-03-30,COM DATA
430,MEMÓRIA 8GB,MEMÓRIA,Acer,12232.36,53,2023-05-24,COM DATA
431,MOUSE GAMER,MOUSE,Logitech,14454.63,496,2024-11-15,COM DATA
432,CORE I5,PROCESSADOR,HP,10528.38,440,2023-08-19,COM DATA
433,MOUSE SEM FIO,MOUSE,Corsair,13819.45,67,2023-10-23,COM DATA
434,GABINETE RGB,GABINETE,Logitech,11416.41,287,2024-12-29,COM DATA
436,HD 2TB,HD,Dell,10257.19,74,2024-01-05,COM DATA
437,SSD 240GB,SSD,Acer,1555.15,444,2023-05-02,COM DATA
438,RTX 4060,PLACA DE VÍDEO,Corsair,11956.57,356,2023-10-03,COM DATA
439,IMPRESSORA LASER,IMPRESSORA,AOC,825.96,380,2023-04-07,COM DATA
440,WEBCAM HD,HD,Logitech,10575.34,331,2023-02-01,COM DATA
442,HEADSET GAMER,HEADSET,LG,2430.71,433,2023-10-23,COM DATA
443,RYZEN 5,PROCESSADOR,Asus,11609.44,320,2022-05-30,COM DATA
444,RYZEN 7,PROCESSADOR,AMD,4781.53,112,2024-04-06,COM DATA
445,HD 2TB,HD,Kingston,3333.55,109,2024-12-22,COM DATA
447,MONITOR 27,MONITOR,Logitech,10244.62,164,,SEM DATA
448,RYZEN 5,PROCESSADOR,Asus,12335.19,191,2024-11-18,COM DATA
449,NOTEBOOK GAMER,NOTEBOOK,Corsair,1457.43,497,2023-03-13,COM DATA
450,WEBCAM HD,HD,AOC,6374.66,53,2022-05-28,COM DATA
452,RTX 4060,PLACA DE VÍDEO,Acer,3430.13,132,2022-08-31,COM DATA
454,RTX 4060,PLACA DE VÍDEO,Dell,4534.23,44,2024-08-28,COM DATA
455,CORE I5,PROCESSADOR,LG,3313.59,382,2023-09-03,COM DATA
456,NOTEBOOK GAMER,NOTEBOOK,LG,13714.25,407,,SEM DATA
457,TECLADO MECÂNICO,TECLADO,Logitech,8957.89,275,2023-12-06,COM DATA
458,SSD 240GB,SSD,HP,13586.31,435,2022-08-23,COM DATA
460,FONTE 750W,FONTE,Kingston,8717.32,487,2022-05-23,COM DATA
461,HEADSET GAMER,HEADSET,Kingston,4780.43,230,2024-01-17,COM DATA
463,IMPRESSORA LASER,IMPRESSORA,Samsung,10999.93,449,2022-12-26,COM DATA
464,CORE I5,PROCESSADOR,Corsair,1247.97,143,2022-06-06,COM DATA
466,MEMÓRIA 16GB,MEMÓRIA,Redragon,8161.17,276,2023-08-19,COM DATA
467,GABINETE RGB,GABINETE,Kingston,7526.83,46,2022-12-06,COM DATA
468,GABINETE RGB,GABINETE,Logitech,2122.75,81,2024-09-17,COM DATA
471,FONTE 750W,FONTE,AMD,8561.0,192,2023-05-31,COM DATA
472,MEMÓRIA 16GB,MEMÓRIA,Kingston,13610.49,264,2022-01-14,COM DATA
473,SSD 1TB,SSD,LG,2101.75,84,2024-01-12,COM DATA
474,WEBCAM HD,HD,Intel,12257.99,338,2024-09-08,COM DATA
475,MOUSE GAMER,MOUSE,LG,2435.47,426,,SEM DATA
476,RTX 4060,PLACA DE VÍDEO,Corsair,2220.04,85,2022-02-08,COM DATA
477,RX 7600,PLACA DE VÍDEO,AOC,10925.06,420,2024-09-13,COM DATA
478,IMPRESSORA LASER,IMPRESSORA,AMD,12458.85,307,2023-06-26,COM DATA
479,SSD 240GB,SSD,Samsung,10290.16,472,2022-02-03,COM DATA
480,FONTE 650W,FONTE,Kingston,12896.68,258,2022-03-21,COM DATA
481,MOUSE GAMER,MOUSE,AOC,7980.82,385,2022-01-03,COM DATA
482,NOTEBOOK OFFICE,NOTEBOOK,HP,11627.56,332,2024-09-14,COM DATA
483,HEADSET GAMER,HEADSET,LG,5730.92,301,2023-06-06,COM DATA
484,CORE I5,PROCESSADOR,Dell,3503.04,439,2022-01-15,COM DATA
485,MEMÓRIA 8GB,MEMÓRIA,LG,1785.07,3,2024-05-22,COM DATA
486,FONTE 650W,FONTE,Acer,3819.42,437,2023-02-22,COM DATA
487,RYZEN 5,PROCESSADOR,Kingston,11761.15,247,2023-12-07,COM DATA
488,WEBCAM HD,HD,Logitech,5983.98,70,2022-11-28,COM DATA
489,HEADSET GAMER,HEADSET,LG,7634.99,402,2024-03-07,COM DATA
490,FONTE 650W,FONTE,Lenovo,99.25,46,2023-03-31,COM DATA
491,FONTE 650W,FONTE,Logitech,9143.25,370,2022-04-28,COM DATA
493,FONTE 750W,FONTE,Samsung,3490.43,86,2023-07-20,COM DATA
494,NOTEBOOK GAMER,NOTEBOOK,Samsung,5309.85,202,2025-01-30,COM DATA
495,SSD 1TB,SSD,Intel,12449.88,468,2024-04-07,COM DATA
496,RYZEN 7,PROCESSADOR,Redragon,3931.39,208,2024-11-17,COM DATA
497,RX 7600,PLACA DE VÍDEO,Intel,13144.17,416,2023-05-14,COM DATA
498,NOTEBOOK GAMER,NOTEBOOK,Samsung,14419.36,234,2024-02-23,COM DATA
499,RTX 4070,PLACA DE VÍDEO,AMD,14913.09,346,2022-01-20,COM DATA
500,MEMÓRIA 8GB,MEMÓRIA,Intel,3964.98,147,2023-10-05,COM DATA
501,TECLADO MECÂNICO,TECLADO,HP,13416.86,137,2023-05-11,COM DATA
502,MEMÓRIA 16GB,MEMÓRIA,Samsung,3117.54,103,2022-06-10,COM DATA
504,IMPRESSORA LASER,IMPRESSORA,AMD,14766.23,468,2024-05-16,COM DATA
505,IMPRESSORA LASER,IMPRESSORA,Logitech,8120.7,257,2024-11-27,COM DATA
506,MONITOR 27,MONITOR,AOC,10344.37,6,2023-06-16,COM DATA
507,MEMÓRIA 16GB,MEMÓRIA,HP,3957.48,137,2024-05-08,COM DATA
508,CORE I7,PROCESSADOR,Corsair,5597.2,437,2023-04-14,COM DATA
509,RTX 4060,PLACA DE VÍDEO,Logitech,10817.82,411,2022-11-03,COM DATA
510,FONTE 750W,FONTE,Asus,165.94,215,2024-09-23,COM DATA
512,SSD 1TB,SSD,Samsung,5033.15,184,2023-12-21,COM DATA
513,CORE I5,PROCESSADOR,Lenovo,14447.49,101,2023-12-29,COM DATA
514,RTX 4060,PLACA DE VÍDEO,Corsair,7666.46,396,2022-10-24,COM DATA
515,CORE I7,PROCESSADOR,Samsung,9615.9,475,2022-06-12,COM DATA
516,FONTE 650W,FONTE,Intel,3438.7,162,2024-01-14,COM DATA
517,NOTEBOOK GAMER,NOTEBOOK,Corsair,7823.62,230,2023-05-31,COM DATA
518,MONITOR 27,MONITOR,AMD,10516.44,40,,SEM DATA
519,MONITOR 24,MONITOR,Acer,7869.26,42,2023-09-26,COM DATA
520,MOUSE SEM FIO,MOUSE,AOC,11069.15,226,2023-10-29,COM DATA
521,RX 7600,PLACA DE VÍDEO,AMD,7018.56,445,2022-12-29,COM DATA
522,RYZEN 7,PROCESSADOR,Lenovo,6859.02,383,2023-12-13,COM DATA
523,SSD 1TB,SSD,Dell,3422.38,45,2024-12-07,COM DATA
524,HEADSET GAMER,HEADSET,Intel,12722.24,176,,SEM DATA
526,SSD 1TB,SSD,AMD,10729.77,330,2023-07-11,COM DATA
527,MONITOR 24,MONITOR,Samsung,11149.04,414,2024-07-21,COM DATA
528,MOUSE GAMER,MOUSE,LG,4096.57,318,2022-07-29,COM DATA
529,MOUSE GAMER,MOUSE,Asus,1893.09,224,2024-05-10,COM DATA
530,MEMÓRIA 8GB,MEMÓRIA,LG,11995.95,190,2022-04-25,COM DATA
531,SSD 1TB,SSD,Dell,5898.48,278,2022-09-07,COM DATA
532,WEBCAM HD,HD,Intel,10725.94,197,2022-07-12,COM DATA
533,MEMÓRIA 8GB,MEMÓRIA,Dell,14732.1,242,2025-01-30,COM DATA
534,NOTEBOOK OFFICE,NOTEBOOK,Samsung,3814.62,326,2023-04-29,COM DATA
535,RTX 4060,PLACA DE VÍDEO,Dell,4881.21,85,2025-04-05,COM DATA
536,SSD 240GB,SSD,Corsair,7139.55,305,2023-11-25,COM DATA
538,RX 7600,PLACA DE VÍDEO,Logitech,14725.5,403,2024-02-13,COM DATA
540,CORE I5,PROCESSADOR,LG,4868.74,239,2024-07-09,COM DATA
541,RYZEN 7,PROCESSADOR,Dell,3964.97,187,2024-01-16,COM DATA
543,NOTEBOOK OFFICE,NOTEBOOK,LG,9620.74,56,2022-03-06,COM DATA
546,NOTEBOOK OFFICE,NOTEBOOK,AMD,14074.89,212,2022-03-25,COM DATA
547,MONITOR 27,MONITOR,AMD,12520.16,39,2024-02-29,COM DATA
548,CORE I5,PROCESSADOR,Logitech,7902.36,127,2022-08-05,COM DATA
549,MONITOR 27,MONITOR,AMD,8656.92,345,2024-04-02,COM DATA
550,MEMÓRIA 16GB,MEMÓRIA,Asus,9869.83,273,2024-02-01,COM DATA
551,CORE I7,PROCESSADOR,Redragon,9505.95,422,2025-01-31,COM DATA
552,NOTEBOOK GAMER,NOTEBOOK,Kingston,3826.26,492,2022-02-03,COM DATA
554,MOUSE GAMER,MOUSE,Kingston,13890.32,79,2023-05-27,COM DATA
555,TECLADO MECÂNICO,TECLADO,Asus,12169.89,47,2024-09-15,COM DATA
556,MONITOR 27,MONITOR,Dell,12389.06,353,2025-03-26,COM DATA
557,RTX 4070,PLACA DE VÍDEO,Samsung,11706.23,471,2023-04-10,COM DATA
559,RX 7600,PLACA DE VÍDEO,AMD,3327.54,25,2022-07-04,COM DATA
560,RYZEN 5,PROCESSADOR,AMD,4360.95,201,2024-03-28,COM DATA
561,MOUSE GAMER,MOUSE,Intel,5989.94,222,2024-03-20,COM DATA
562,SSD 240GB,SSD,Asus,2957.57,315,2025-03-25,COM DATA
563,MEMÓRIA 16GB,MEMÓRIA,Redragon,10082.78,216,2023-09-17,COM DATA
564,MOUSE GAMER,MOUSE,AOC,5258.75,420,2023-04-24,COM DATA
565,WEBCAM HD,HD,AOC,5619.84,387,,SEM DATA
567,RTX 4060,PLACA DE VÍDEO,AMD,9353.17,72,2022-03-31,COM DATA
568,NOTEBOOK OFFICE,NOTEBOOK,Samsung,920.45,102,2024-03-06,COM DATA
569,NOTEBOOK GAMER,NOTEBOOK,Corsair,9951.46,467,2024-03-02,COM DATA
570,RYZEN 5,PROCESSADOR,Samsung,5722.9,500,2023-01-17,COM DATA
572,RYZEN 7,PROCESSADOR,Corsair,5343.56,154,2023-06-12,COM DATA
573,SSD 1TB,SSD,Acer,13358.22,417,2022-10-09,COM DATA
574,GABINETE RGB,GABINETE,Kingston,5745.46,491,2022-11-09,COM DATA
575,TECLADO MECÂNICO,TECLADO,AMD,4699.49,309,2023-02-19,COM DATA
576,RTX 4070,PLACA DE VÍDEO,LG,4648.8,361,2025-03-02,COM DATA
577,MOUSE SEM FIO,MOUSE,LG,4776.09,285,2022-03-02,COM DATA
578,WEBCAM HD,HD,Corsair,13204.38,211,2023-07-15,COM DATA
579,FONTE 650W,FONTE,Kingston,2835.25,67,2023-04-18,COM DATA
580,RYZEN 5,PROCESSADOR,Kingston,3479.07,13,2024-08-18,COM DATA
581,MOUSE SEM FIO,MOUSE,Acer,5621.91,436,2022-01-31,COM DATA
582,IMPRESSORA LASER,IMPRESSORA,Intel,14253.97,113,2024-09-30,COM DATA
583,NOTEBOOK OFFICE,NOTEBOOK,Acer,13004.29,454,2023-10-03,COM DATA
584,HEADSET GAMER,HEADSET,Samsung,14088.3,292,2024-07-13,COM DATA
585,RTX 4060,PLACA DE VÍDEO,AMD,13168.95,449,2024-03-04,COM DATA
586,HD 2TB,HD,Intel,9467.12,25,2022-12-07,COM DATA
587,RX 7600,PLACA DE VÍDEO,Samsung,9204.75,27,2024-10-22,COM DATA
588,RTX 4060,PLACA DE VÍDEO,Dell,11685.39,480,2023-01-02,COM DATA
589,SSD 1TB,SSD,Logitech,13451.33,458,2022-12-02,COM DATA
590,MONITOR 24,MONITOR,Logitech,1870.69,58,2024-11-13,COM DATA
591,MEMÓRIA 8GB,MEMÓRIA,AOC,2415.3,281,2022-11-04,COM DATA
592,HD 2TB,HD,Lenovo,2186.22,393,2023-01-06,COM DATA
594,FONTE 650W,FONTE,AMD,8841.16,243,2023-07-24,COM DATA
595,NOTEBOOK OFFICE,NOTEBOOK,LG,8372.08,422,2022-03-08,COM DATA
596,MONITOR 27,MONITOR,LG,12573.46,152,2023-08-06,COM DATA
597,RX 7600,PLACA DE VÍDEO,Dell,10378.87,304,2022-07-10,COM DATA
599,TECLADO MECÂNICO,TECLADO,Kingston,4130.79,269,2024-12-19,COM DATA
600,HEADSET GAMER,HEADSET,AOC,7265.27,352,2023-10-11,COM DATA
601,CORE I7,PROCESSADOR,Corsair,8635.64,319,2024-10-16,COM DATA
602,TECLADO MECÂNICO,TECLADO,Intel,2715.01,312,2022-08-30,COM DATA
603,MEMÓRIA 8GB,MEMÓRIA,Corsair,3125.82,315,,SEM DATA
604,RYZEN 7,PROCESSADOR,Dell,10356.46,130,2022-08-22,COM DATA
605,MOUSE SEM FIO,MOUSE,Asus,5133.6,370,2024-09-08,COM DATA
606,RX 7600,PLACA DE VÍDEO,Asus,11962.87,330,2024-08-05,COM DATA
608,MOUSE GAMER,MOUSE,Asus,4989.16,469,2024-02-08,COM DATA
609,MONITOR 27,MONITOR,Lenovo,12639.24,292,2023-10-07,COM DATA
610,RX 7600,PLACA DE VÍDEO,HP,4087.03,44,2024-12-11,COM DATA
612,IMPRESSORA LASER,IMPRESSORA,AOC,5114.94,247,2022-07-21,COM DATA
613,NOTEBOOK OFFICE,NOTEBOOK,AOC,14071.6,346,2024-12-05,COM DATA
614,MONITOR 24,MONITOR,Dell,4678.5,22,2022-07-31,COM DATA
616,SSD 1TB,SSD,AMD,11596.35,343,2024-11-18,COM DATA
617,HEADSET GAMER,HEADSET,HP,8147.08,281,,SEM DATA
618,RYZEN 5,PROCESSADOR,Samsung,13385.8,276,,SEM DATA
619,HEADSET GAMER,HEADSET,Asus,5890.91,360,2023-10-02,COM DATA
620,IMPRESSORA LASER,IMPRESSORA,LG,2988.24,388,2022-07-10,COM DATA
621,FONTE 750W,FONTE,Intel,13796.94,239,2023-04-20,COM DATA
622,RTX 4060,PLACA DE VÍDEO,Corsair,2172.95,458,2023-11-08,COM DATA
624,HEADSET GAMER,HEADSET,AMD,9074.51,65,2022-05-26,COM DATA
625,SSD 240GB,SSD,Acer,8000.53,205,2022-05-16,COM DATA
626,CORE I7,PROCESSADOR,Logitech,12212.46,302,2023-04-29,COM DATA
627,RYZEN 5,PROCESSADOR,Intel,10050.69,378,2023-10-29,COM DATA
628,FONTE 650W,FONTE,Kingston,12333.91,90,2024-02-16,COM DATA
629,CORE I7,PROCESSADOR,Redragon,9681.94,31,2022-01-01,COM DATA
630,CORE I7,PROCESSADOR,Corsair,9920.0,231,2023-10-11,COM DATA
631,RTX 4070,PLACA DE VÍDEO,Asus,11919.31,347,2022-07-02,COM DATA
632,HD 2TB,HD,Dell,9180.13,261,2025-02-20,COM DATA
634,TECLADO MECÂNICO,TECLADO,Asus,6539.15,108,2024-05-04,COM DATA
636,RX 7600,PLACA DE VÍDEO,Kingston,2053.92,70,2024-05-21,COM DATA
637,MEMÓRIA 16GB,MEMÓRIA,Kingston,6826.83,217,2022-01-16,COM DATA
638,CORE I5,PROCESSADOR,Dell,12705.12,121,2025-03-09,COM DATA
639,MOUSE GAMER,MOUSE,AOC,5541.31,297,2023-07-27,COM DATA
640,FONTE 750W,FONTE,Samsung,1191.95,455,2025-01-09,COM DATA
641,NOTEBOOK GAMER,NOTEBOOK,Intel,4701.25,27,2025-03-21,COM DATA
642,MOUSE SEM FIO,MOUSE,Logitech,6326.82,491,2025-02-28,COM DATA
644,SSD 1TB,SSD,Dell,1171.4,401,2022-08-17,COM DATA
645,MOUSE SEM FIO,MOUSE,HP,13653.77,378,2024-09-20,COM DATA
646,MOUSE GAMER,MOUSE,LG,7920.29,16,2024-10-12,COM DATA
647,FONTE 750W,FONTE,Logitech,6205.96,196,,SEM DATA
649,RTX 4070,PLACA DE VÍDEO,Acer,10590.0,242,2023-10-09,COM DATA
650,MEMÓRIA 16GB,MEMÓRIA,Kingston,10249.49,21,2023-07-13,COM DATA
651,RX 7600,PLACA DE VÍDEO,HP,4020.98,50,2023-02-04,COM DATA
653,NOTEBOOK GAMER,NOTEBOOK,Kingston,5285.72,371,2023-03-21,COM DATA
654,FONTE 650W,FONTE,Redragon,9578.48,362,2025-03-05,COM DATA
655,RX 7600,PLACA DE VÍDEO,Corsair,2787.83,56,2024-07-17,COM DATA
656,IMPRESSORA LASER,IMPRESSORA,Redragon,4160.23,218,2022-06-01,COM DATA
658,FONTE 650W,FONTE,Intel,7391.02,73,2023-06-15,COM DATA
659,NOTEBOOK GAMER,NOTEBOOK,Corsair,1112.33,292,2022-01-02,COM DATA
660,RTX 4060,PLACA DE VÍDEO,Logitech,9975.8,136,2024-10-01,COM DATA
661,CORE I5,PROCESSADOR,Logitech,6070.61,372,2024-09-14,COM DATA
662,NOTEBOOK OFFICE,NOTEBOOK,Samsung,8038.86,183,2024-01-19,COM DATA
663,HD 2TB,HD,AMD,14414.66,41,2022-03-22,COM DATA
664,FONTE 750W,FONTE,Samsung,9917.8,153,2024-06-15,COM DATA
667,CORE I5,PROCESSADOR,HP,12110.41,341,,SEM DATA
668,NOTEBOOK OFFICE,NOTEBOOK,LG,7343.64,9,2022-01-30,COM DATA
669,FONTE 650W,FONTE,Samsung,768.37,157,2022-08-06,COM DATA
670,RTX 4070,PLACA DE VÍDEO,Logitech,8932.76,315,2024-04-03,COM DATA
671,TECLADO MECÂNICO,TECLADO,LG,14638.28,294,,SEM DATA
672,MOUSE SEM FIO,MOUSE,Kingston,2135.73,212,2022-03-25,COM DATA
673,NOTEBOOK GAMER,NOTEBOOK,Dell,11869.96,323,2022-01-15,COM DATA
674,HEADSET GAMER,HEADSET,Intel,1355.34,333,2022-09-17,COM DATA
675,MOUSE SEM FIO,MOUSE,Kingston,9604.59,267,2023-01-04,COM DATA
676,MEMÓRIA 16GB,MEMÓRIA,HP,9188.51,45,2023-01-29,COM DATA
677,CORE I5,PROCESSADOR,Redragon,7962.38,48,2023-03-03,COM DATA
678,RYZEN 5,PROCESSADOR,Corsair,2921.91,407,,SEM DATA
679,IMPRESSORA LASER,IMPRESSORA,Logitech,4290.27,222,2022-04-18,COM DATA
681,SSD 240GB,SSD,Acer,10159.25,166,2023-02-14,COM DATA
683,SSD 1TB,SSD,Dell,2063.34,368,,SEM DATA
684,MEMÓRIA 8GB,MEMÓRIA,Kingston,1684.42,238,2022-11-18,COM DATA
685,CORE I5,PROCESSADOR,Acer,9577.23,313,2024-12-04,COM DATA
686,NOTEBOOK GAMER,NOTEBOOK,AOC,14935.05,302,2023-05-21,COM DATA
687,MOUSE GAMER,MOUSE,Dell,6525.05,113,2024-05-05,COM DATA
688,RTX 4070,PLACA DE VÍDEO,Redragon,620.08,240,2022-07-20,COM DATA
689,RTX 4070,PLACA DE VÍDEO,Asus,3622.86,285,2023-08-29,COM DATA
690,HEADSET GAMER,HEADSET,Logitech,14984.3,8,,SEM DATA
691,MEMÓRIA 16GB,MEMÓRIA,Corsair,6967.13,70,2022-01-03,COM DATA
692,HD 2TB,HD,Logitech,1079.06,457,2025-01-15,COM DATA
693,WEBCAM HD,HD,Corsair,3123.05,350,2024-01-16,COM DATA
695,RYZEN 5,PROCESSADOR,Kingston,3086.59,171,2023-03-06,COM DATA
696,GABINETE RGB,GABINETE,Samsung,11418.07,164,2024-02-03,COM DATA
697,CORE I5,PROCESSADOR,Lenovo,7303.68,269,2024-07-14,COM DATA
698,MONITOR 24,MONITOR,Intel,12002.56,484,2022-06-28,COM DATA
702,CORE I5,PROCESSADOR,Kingston,11806.63,248,2022-09-28,COM DATA
703,HD 2TB,HD,LG,4611.3,404,2023-12-25,COM DATA
704,HD 2TB,HD,AOC,14344.08,316,2022-11-11,COM DATA
705,MEMÓRIA 16GB,MEMÓRIA,Logitech,1771.42,162,2022-03-13,COM DATA
706,MOUSE SEM FIO,MOUSE,Dell,14670.78,75,2024-04-08,COM DATA
707,NOTEBOOK GAMER,NOTEBOOK,AMD,11532.4,485,2023-11-10,COM DATA
708,CORE I7,PROCESSADOR,Kingston,4447.44,458,2024-06-24,COM DATA
709,CORE I5,PROCESSADOR,Acer,1702.49,245,2023-03-28,COM DATA
710,RYZEN 7,PROCESSADOR,Redragon,1405.37,28,2023-07-24,COM DATA
711,MONITOR 24,MONITOR,HP,1272.17,434,2024-10-01,COM DATA
713,TECLADO MECÂNICO,TECLADO,Logitech,5283.3,500,2024-05-01,COM DATA
714,WEBCAM HD,HD,AOC,4343.74,412,2022-06-26,COM DATA
715,CORE I7,PROCESSADOR,Dell,4562.4,444,2024-04-18,COM DATA
716,IMPRESSORA LASER,IMPRESSORA,LG,4114.47,89,2024-02-21,COM DATA
717,HD 2TB,HD,Intel,7368.97,421,,SEM DATA
718,RYZEN 5,PROCESSADOR,Lenovo,2327.28,153,2024-05-04,COM DATA
719,SSD 1TB,SSD,Kingston,13603.76,330,2024-01-11,COM DATA
720,HEADSET GAMER,HEADSET,AMD,8492.31,444,,SEM DATA
721,HEADSET GAMER,HEADSET,Dell,2459.45,29,2023-07-13,COM DATA
722,RYZEN 7,PROCESSADOR,AMD,9550.98,489,2023-02-01,COM DATA
723,MEMÓRIA 8GB,MEMÓRIA,AOC,2765.05,48,2023-09-09,COM DATA
724,MOUSE GAMER,MOUSE,Asus,10475.55,185,2024-09-20,COM DATA
725,SSD 240GB,SSD,AMD,13815.19,83,2024-12-12,COM DATA
726,RX 7600,PLACA DE VÍDEO,AOC,10693.96,359,2022-09-26,COM DATA
727,RX 7600,PLACA DE VÍDEO,AMD,7203.18,159,2023-12-02,COM DATA
728,HEADSET GAMER,HEADSET,Lenovo,4584.17,381,2022-09-14,COM DATA
729,MONITOR 24,MONITOR,Redragon,14717.02,217,,SEM DATA
731,TECLADO MECÂNICO,TECLADO,Dell,11739.91,471,2022-07-05,COM DATA
732,MOUSE SEM FIO,MOUSE,Logitech,11198.05,142,2023-05-11,COM DATA
734,MEMÓRIA 16GB,MEMÓRIA,Intel,13865.0,471,2022-08-08,COM DATA
735,RTX 4070,PLACA DE VÍDEO,Samsung,5335.24,194,2024-08-12,COM DATA
736,WEBCAM HD,HD,Intel,2055.97,390,2022-08-25,COM DATA
737,RX 7600,PLACA DE VÍDEO,Lenovo,6865.05,376,2024-05-26,COM DATA
738,MEMÓRIA 16GB,MEMÓRIA,Intel,1062.75,430,2022-08-04,COM DATA
739,RTX 4060,PLACA DE VÍDEO,Logitech,7849.48,346,,SEM DATA
740,SSD 240GB,SSD,Intel,5092.7,304,2023-07-25,COM DATA
741,FONTE 750W,FONTE,Intel,11494.26,303,2024-04-08,COM DATA
742,SSD 1TB,SSD,Corsair,7680.99,75,,SEM DATA
743,RTX 4060,PLACA DE VÍDEO,LG,12458.08,255,2023-09-13,COM DATA
744,RYZEN 5,PROCESSADOR,Lenovo,1463.08,39,2024-10-16,COM DATA
745,NOTEBOOK GAMER,NOTEBOOK,Acer,3939.75,175,2022-09-01,COM DATA
747,CORE I7,PROCESSADOR,AMD,2034.63,366,2025-01-09,COM DATA
750,MEMÓRIA 16GB,MEMÓRIA,Corsair,9384.79,194,2023-05-16,COM DATA
751,HD 2TB,HD,Dell,9728.28,303,2025-01-07,COM DATA
752,RTX 4070,PLACA DE VÍDEO,Intel,6924.42,442,2022-02-15,COM DATA
753,RYZEN 5,PROCESSADOR,HP,5678.51,199,2023-11-20,COM DATA
754,MEMÓRIA 16GB,MEMÓRIA,Intel,12175.63,341,2022-06-04,COM DATA
755,CORE I7,PROCESSADOR,Kingston,8046.79,147,2022-07-08,COM DATA
757,MEMÓRIA 8GB,MEMÓRIA,Lenovo,4541.67,411,2024-11-21,COM DATA
758,RYZEN 7,PROCESSADOR,Intel,11456.36,92,2023-03-13,COM DATA
759,CORE I5,PROCESSADOR,Redragon,12362.14,480,2024-06-07,COM DATA
760,MOUSE GAMER,MOUSE,Corsair,10904.69,30,2023-09-07,COM DATA
762,NOTEBOOK GAMER,NOTEBOOK,Lenovo,9026.46,207,2024-08-08,COM DATA
765,MONITOR 24,MONITOR,Logitech,13510.61,208,2022-10-15,COM DATA
766,CORE I7,PROCESSADOR,AMD,8573.18,256,2023-05-31,COM DATA
767,MEMÓRIA 8GB,MEMÓRIA,Acer,1371.93,307,2023-04-29,COM DATA
768,RX 7600,PLACA DE VÍDEO,Kingston,3285.77,54,2022-04-25,COM DATA
769,RYZEN 5,PROCESSADOR,Redragon,5633.08,485,2022-10-24,COM DATA
770,FONTE 650W,FONTE,Logitech,10740.76,420,2023-05-06,COM DATA
771,GABINETE RGB,GABINETE,HP,5782.66,327,2024-06-25,COM DATA
772,HD 2TB,HD,Redragon,13648.64,201,2023-04-28,COM DATA
773,IMPRESSORA LASER,IMPRESSORA,Dell,12894.06,82,2023-07-16,COM DATA
774,MEMÓRIA 8GB,MEMÓRIA,AOC,12351.5,481,2022-07-25,COM DATA
776,MOUSE GAMER,MOUSE,Corsair,9627.76,94,2023-09-18,COM DATA
777,IMPRESSORA LASER,IMPRESSORA,LG,1251.84,80,2024-04-20,COM DATA
778,MOUSE SEM FIO,MOUSE,Asus,4804.6,244,2023-08-01,COM DATA
779,CORE I7,PROCESSADOR,AMD,6229.16,93,2023-04-14,COM DATA
780,NOTEBOOK OFFICE,NOTEBOOK,Kingston,14612.43,101,2023-06-17,COM DATA
781,HEADSET GAMER,HEADSET,Intel,14371.33,87,2024-10-09,COM DATA
782,SSD 1TB,SSD,Acer,10709.18,97,2022-09-24,COM DATA
783,GABINETE RGB,GABINETE,Acer,3114.96,110,,SEM DATA
784,GABINETE RGB,GABINETE,Dell,3547.57,230,2024-08-18,COM DATA
785,RTX 4060,PLACA DE VÍDEO,Kingston,4862.22,354,,SEM DATA
786,MEMÓRIA 16GB,MEMÓRIA,Redragon,900.11,170,,SEM DATA
787,MOUSE GAMER,MOUSE,Dell,9302.47,154,2025-04-03,COM DATA
788,MOUSE GAMER,MOUSE,AMD,2564.6,252,2024-06-05,COM DATA
789,SSD 1TB,SSD,Acer,1770.29,22,2023-08-03,COM DATA
790,MEMÓRIA 8GB,MEMÓRIA,Asus,3962.98,424,2024-10-03,COM DATA
791,RX 7600,PLACA DE VÍDEO,Dell,2285.95,436,2023-04-16,COM DATA
792,RYZEN 5,PROCESSADOR,Logitech,7064.31,83,2025-02-22,COM DATA
793,MEMÓRIA 16GB,MEMÓRIA,Lenovo,7404.97,433,2023-01-05,COM DATA
794,CORE I7,PROCESSADOR,AMD,11254.05,421,2025-03-14,COM DATA
795,MEMÓRIA 8GB,MEMÓRIA,Acer,13807.79,126,2024-02-05,COM DATA
798,NOTEBOOK OFFICE,NOTEBOOK,Kingston,12951.92,410,2024-02-21,COM DATA
799,MONITOR 24,MONITOR,LG,3842.36,122,2024-03-06,COM DATA
800,HD 2TB,HD,Logitech,4288.34,385,2023-09-28,COM DATA
801,RYZEN 7,PROCESSADOR,Acer,9060.63,183,2024-09-02,COM DATA
802,FONTE 650W,FONTE,Acer,9013.1,46,,SEM DATA
803,MOUSE GAMER,MOUSE,Corsair,14599.61,346,2024-12-10,COM DATA
804,MOUSE GAMER,MOUSE,Lenovo,7033.92,40,2023-05-25,COM DATA
805,RYZEN 7,PROCESSADOR,Acer,4446.31,24,2022-07-13,COM DATA
806,MONITOR 24,MONITOR,Samsung,10810.24,416,2024-08-05,COM DATA
808,TECLADO MECÂNICO,TECLADO,Kingston,3990.81,494,2023-06-16,COM DATA
810,FONTE 650W,FONTE,Logitech,14487.74,308,2024-03-19,COM DATA
812,CORE I5,PROCESSADOR,Redragon,2194.41,123,2024-08-07,COM DATA
813,HEADSET GAMER,HEADSET,Intel,6339.75,59,2022-02-10,COM DATA
814,RTX 4060,PLACA DE VÍDEO,Samsung,8786.69,103,2024-06-03,COM DATA
815,HD 2TB,HD,Intel,12732.27,377,2024-11-17,COM DATA
816,SSD 240GB,SSD,Dell,9180.2,347,2024-05-14,COM DATA
817,RYZEN 5,PROCESSADOR,Corsair,8307.77,137,2023-12-12,COM DATA
818,MEMÓRIA 16GB,MEMÓRIA,HP,6554.73,82,2023-11-26,COM DATA
819,HD 2TB,HD,Acer,12804.74,366,2024-01-08,COM DATA
820,HEADSET GAMER,HEADSET,Intel,12000.33,432,2022-09-22,COM DATA
821,RYZEN 5,PROCESSADOR,AMD,2361.59,251,2022-04-07,COM DATA
822,RYZEN 7,PROCESSADOR,Asus,5394.63,133,2024-05-31,COM DATA
823,MEMÓRIA 8GB,MEMÓRIA,Dell,3415.82,287,2025-02-14,COM DATA
824,MONITOR 27,MONITOR,Intel,2284.65,353,2024-07-25,COM DATA
825,MONITOR 27,MONITOR,AMD,11341.35,499,2022-08-04,COM DATA
826,HD 2TB,HD,AMD,1788.53,105,2024-10-17,COM DATA
827,MONITOR 27,MONITOR,Acer,1507.43,331,2022-01-14,COM DATA
828,SSD 1TB,SSD,Acer,12141.0,174,2024-01-09,COM DATA
829,SSD 240GB,SSD,Acer,3696.86,385,2024-04-18,COM DATA
830,NOTEBOOK GAMER,NOTEBOOK,Dell,14278.57,264,2024-11-25,COM DATA
831,RTX 4070,PLACA DE VÍDEO,Corsair,1289.98,161,2022-11-06,COM DATA
832,RYZEN 7,PROCESSADOR,Acer,885.99,323,2025-02-07,COM DATA
834,RX 7600,PLACA DE VÍDEO,Redragon,3092.9,278,2024-04-08,COM DATA
836,FONTE 750W,FONTE,Redragon,1410.44,282,2025-01-10,COM DATA
837,RYZEN 7,PROCESSADOR,AOC,3635.27,396,2024-02-03,COM DATA
839,GABINETE RGB,GABINETE,HP,14835.22,289,2023-12-19,COM DATA
840,HEADSET GAMER,HEADSET,HP,10010.5,417,2022-08-04,COM DATA
841,MOUSE GAMER,MOUSE,Acer,8743.89,421,2022-06-17,COM DATA
842,MEMÓRIA 16GB,MEMÓRIA,Kingston,6384.8,66,2025-02-18,COM DATA
843,RX 7600,PLACA DE VÍDEO,Logitech,5933.84,135,2024-05-03,COM DATA
844,HEADSET GAMER,HEADSET,Samsung,2182.31,65,2023-03-12,COM DATA
845,MONITOR 27,MONITOR,Samsung,508.46,80,2022-09-05,COM DATA
846,MEMÓRIA 16GB,MEMÓRIA,Dell,4358.07,267,2022-10-20,COM DATA
847,HD 2TB,HD,Logitech,8852.57,24,,SEM DATA
849,FONTE 750W,FONTE,Corsair,10806.1,310,2024-07-08,COM DATA
850,RTX 4070,PLACA DE VÍDEO,Acer,10923.41,45,2023-11-26,COM DATA
851,MONITOR 24,MONITOR,Dell,14372.03,455,2025-03-17,COM DATA
852,CORE I5,PROCESSADOR,AMD,11578.5,158,2025-03-27,COM DATA
853,NOTEBOOK GAMER,NOTEBOOK,AMD,14360.25,267,2023-01-04,COM DATA
854,CORE I7,PROCESSADOR,AMD,4138.94,105,2023-10-19,COM DATA
855,MOUSE SEM FIO,MOUSE,AMD,693.85,441,2023-10-12,COM DATA
856,MOUSE SEM FIO,MOUSE,LG,1383.56,50,2023-09-21,COM DATA
857,NOTEBOOK GAMER,NOTEBOOK,Acer,10185.56,30,2022-07-22,COM DATA
858,MONITOR 27,MONITOR,Redragon,6204.09,165,2025-04-15,COM DATA
859,NOTEBOOK OFFICE,NOTEBOOK,Acer,7639.15,258,2022-05-15,COM DATA
861,FONTE 750W,FONTE,LG,1901.06,290,2024-02-04,COM DATA
862,CORE I5,PROCESSADOR,AOC,2539.46,125,2024-08-09,COM DATA
864,NOTEBOOK OFFICE,NOTEBOOK,Kingston,12639.73,108,2022-05-24,COM DATA
865,SSD 1TB,SSD,Kingston,5941.67,62,2024-10-30,COM DATA
866,IMPRESSORA LASER,IMPRESSORA,HP,4788.19,349,2023-10-21,COM DATA
867,MOUSE GAMER,MOUSE,Kingston,6907.79,306,,SEM DATA
868,RYZEN 5,PROCESSADOR,Samsung,10097.14,211,2022-06-08,COM DATA
869,MEMÓRIA 16GB,MEMÓRIA,AOC,13390.73,417,2024-01-04,COM DATA
871,MONITOR 24,MONITOR,Lenovo,11381.15,348,2023-03-29,COM DATA
873,GABINETE RGB,GABINETE,Corsair,4174.67,256,2025-03-03,COM DATA
875,SSD 1TB,SSD,Intel,10176.12,496,2022-01-05,COM DATA
876,MEMÓRIA 8GB,MEMÓRIA,Lenovo,9621.67,482,2022-09-07,COM DATA
878,NOTEBOOK GAMER,NOTEBOOK,Logitech,5890.05,171,2024-05-17,COM DATA
879,FONTE 750W,FONTE,Intel,13756.59,100,2024-06-03,COM DATA
880,SSD 240GB,SSD,Asus,8896.11,320,2022-04-22,COM DATA
881,FONTE 650W,FONTE,Corsair,7804.73,121,2024-07-03,COM DATA
882,HEADSET GAMER,HEADSET,Dell,1301.31,31,,SEM DATA
884,RX 7600,PLACA DE VÍDEO,Kingston,9001.65,337,2022-07-27,COM DATA
886,SSD 1TB,SSD,Logitech,12614.88,463,2024-06-29,COM DATA
888,MEMÓRIA 8GB,MEMÓRIA,AMD,8126.33,74,,SEM DATA
889,TECLADO MECÂNICO,TECLADO,HP,12291.37,286,2022-05-21,COM DATA
890,HEADSET GAMER,HEADSET,Kingston,10024.54,355,2023-11-19,COM DATA
891,NOTEBOOK OFFICE,NOTEBOOK,Dell,6292.06,83,2023-04-02,COM DATA
892,MEMÓRIA 8GB,MEMÓRIA,HP,7008.72,109,2024-03-30,COM DATA
896,GABINETE RGB,GABINETE,Redragon,3169.36,233,2024-06-07,COM DATA
897,TECLADO MECÂNICO,TECLADO,Logitech,999.36,73,2024-02-06,COM DATA
899,RYZEN 7,PROCESSADOR,Intel,817.82,407,2023-03-05,COM DATA
901,HEADSET GAMER,HEADSET,Intel,7793.01,91,2023-07-04,COM DATA
903,SSD 1TB,SSD,Redragon,13332.86,292,2022-06-22,COM DATA
904,FONTE 650W,FONTE,Intel,7791.93,117,2024-06-04,COM DATA
906,SSD 240GB,SSD,Asus,7536.44,279,2022-03-20,COM DATA
907,IMPRESSORA LASER,IMPRESSORA,HP,5019.69,345,2022-10-10,COM DATA
908,IMPRESSORA LASER,IMPRESSORA,Asus,11290.7,378,2024-04-07,COM DATA
909,RYZEN 7,PROCESSADOR,AOC,12331.48,387,2024-03-25,COM DATA
910,CORE I5,PROCESSADOR,AOC,10855.57,107,2024-08-02,COM DATA
911,HEADSET GAMER,HEADSET,Intel,1306.42,433,,SEM DATA
912,RYZEN 5,PROCESSADOR,Asus,8671.08,65,2023-11-27,COM DATA
913,CORE I5,PROCESSADOR,Dell,6397.28,385,2025-03-08,COM DATA
914,CORE I7,PROCESSADOR,Kingston,13833.72,78,2025-03-21,COM DATA
916,NOTEBOOK OFFICE,NOTEBOOK,Intel,4583.59,87,2022-02-24,COM DATA
917,HD 2TB,HD,Intel,1060.98,493,2022-04-28,COM DATA
918,MOUSE SEM FIO,MOUSE,AMD,185.49,167,2024-05-06,COM DATA
919,TECLADO MECÂNICO,TECLADO,Logitech,1050.07,489,2024-08-30,COM DATA
920,GABINETE RGB,GABINETE,Dell,8634.87,158,2022-10-20,COM DATA
921,CORE I7,PROCESSADOR,Intel,12372.25,309,,SEM DATA
922,HEADSET GAMER,HEADSET,Kingston,4332.92,451,2022-12-25,COM DATA
923,GABINETE RGB,GABINETE,Samsung,2710.08,316,2024-03-16,COM DATA
924,FONTE 750W,FONTE,Samsung,674.09,453,2023-03-21,COM DATA
925,MONITOR 24,MONITOR,Redragon,6180.95,390,2023-10-30,COM DATA
926,MONITOR 24,MONITOR,Logitech,2489.29,106,2024-08-03,COM DATA
928,RX 7600,PLACA DE VÍDEO,Lenovo,1042.19,280,2022-11-27,COM DATA
929,WEBCAM HD,HD,Corsair,290.63,51,2022-01-23,COM DATA
930,GABINETE RGB,GABINETE,Logitech,2319.38,183,2022-04-08,COM DATA
931,MONITOR 27,MONITOR,Intel,12176.45,328,2022-04-18,COM DATA
932,MEMÓRIA 16GB,MEMÓRIA,Samsung,749.0,193,2022-02-02,COM DATA
933,MONITOR 24,MONITOR,Samsung,14839.57,172,2022-12-10,COM DATA
934,CORE I5,PROCESSADOR,HP,679.31,262,2025-01-14,COM DATA
935,MOUSE SEM FIO,MOUSE,Dell,6429.65,118,2024-03-08,COM DATA
936,MEMÓRIA 16GB,MEMÓRIA,Acer,3317.04,336,2023-09-10,COM DATA
937,CORE I7,PROCESSADOR,Kingston,7503.65,52,2023-10-27,COM DATA
938,MOUSE GAMER,MOUSE,Redragon,10450.8,347,2023-10-14,COM DATA
939,CORE I7,PROCESSADOR,Corsair,10002.23,34,2023-04-22,COM DATA
940,MONITOR 27,MONITOR,Acer,10575.34,6,2023-05-14,COM DATA
941,RTX 4060,PLACA DE VÍDEO,HP,917.65,191,2024-06-27,COM DATA
942,NOTEBOOK OFFICE,NOTEBOOK,Corsair,4943.77,142,2023-08-14,COM DATA
943,CORE I5,PROCESSADOR,Redragon,3450.57,375,2023-04-01,COM DATA
944,MONITOR 24,MONITOR,HP,5734.66,164,2022-04-17,COM DATA
945,CORE I5,PROCESSADOR,HP,2140.15,104,2023-04-29,COM DATA
946,SSD 240GB,SSD,HP,6405.07,239,2023-09-13,COM DATA
947,RYZEN 5,PROCESSADOR,Acer,6735.1,325,2024-02-13,COM DATA
948,MOUSE GAMER,MOUSE,Intel,6631.81,258,2022-02-10,COM DATA
949,FONTE 650W,FONTE,Logitech,6422.41,42,2022-12-26,COM DATA
950,RYZEN 5,PROCESSADOR,Logitech,6965.5,232,2024-08-19,COM DATA
953,RYZEN 7,PROCESSADOR,Logitech,14357.31,394,2024-01-25,COM DATA
954,RYZEN 5,PROCESSADOR,Corsair,9770.58,474,2022-02-27,COM DATA
955,MOUSE GAMER,MOUSE,Kingston,9687.1,133,,SEM DATA
956,MONITOR 24,MONITOR,Acer,9673.07,469,2022-12-06,COM DATA
957,RTX 4060,PLACA DE VÍDEO,Acer,3808.01,154,2022-07-02,COM DATA
958,WEBCAM HD,HD,Acer,8597.72,408,,SEM DATA
960,RYZEN 7,PROCESSADOR,Kingston,5632.28,360,2023-03-12,COM DATA
961,RTX 4070,PLACA DE VÍDEO,Kingston,903.55,93,2022-08-12,COM DATA
962,MONITOR 24,MONITOR,HP,2508.57,150,2024-09-05,COM DATA
964,RYZEN 5,PROCESSADOR,Acer,7810.71,492,2023-11-21,COM DATA
965,GABINETE RGB,GABINETE,Dell,13354.48,161,2023-12-31,COM DATA
966,WEBCAM HD,HD,LG,12097.93,1,2022-02-22,COM DATA
967,SSD 240GB,SSD,Corsair,13037.7,143,2024-08-31,COM DATA
968,MEMÓRIA 8GB,MEMÓRIA,AOC,9910.22,1,2022-04-04,COM DATA
969,RTX 4060,PLACA DE VÍDEO,Samsung,11042.48,347,2023-12-15,COM DATA
970,HEADSET GAMER,HEADSET,Acer,13973.62,476,2023-08-25,COM DATA
971,HEADSET GAMER,HEADSET,Intel,10684.89,445,2022-06-28,COM DATA
972,RX 7600,PLACA DE VÍDEO,Corsair,10102.47,280,2025-01-12,COM DATA
973,MONITOR 27,MONITOR,Dell,3190.38,385,2022-11-25,COM DATA
974,SSD 1TB,SSD,Corsair,4910.98,196,2022-09-10,COM DATA
975,HEADSET GAMER,HEADSET,Kingston,13842.59,324,2022-05-13,COM DATA
976,FONTE 750W,FONTE,AOC,5667.61,367,2024-06-13,COM DATA
977,MEMÓRIA 8GB,MEMÓRIA,HP,3368.79,59,2022-08-26,COM DATA
978,NOTEBOOK GAMER,NOTEBOOK,AMD,1928.71,160,2023-01-24,COM DATA
979,MOUSE GAMER,MOUSE,Kingston,14698.15,163,2023-03-31,COM DATA
980,HD 2TB,HD,Corsair,157.64,436,2024-07-22,COM DATA
981,HEADSET GAMER,HEADSET,Lenovo,4265.22,382,2024-10-25,COM DATA
982,TECLADO MECÂNICO,TECLADO,Acer,1869.49,434,2022-05-01,COM DATA
983,SSD 240GB,SSD,AOC,5010.51,423,2023-01-02,COM DATA
984,MOUSE SEM FIO,MOUSE,Acer,10916.38,153,2023-11-23,COM DATA
985,RYZEN 7,PROCESSADOR,Logitech,7111.86,178,2023-02-04,COM DATA
986,CORE I7,PROCESSADOR,AOC,8229.19,49,2023-09-15,COM DATA
987,MOUSE GAMER,MOUSE,Logitech,2472.14,70,2023-02-05,COM DATA
988,MOUSE GAMER,MOUSE,Corsair,156.81,371,2022-12-11,COM DATA
989,MONITOR 27,MONITOR,Asus,1458.8,498,2024-06-07,COM DATA
990,RTX 4060,PLACA DE VÍDEO,Kingston,9412.05,206,2022-12-20,COM DATA
991,MONITOR 24,MONITOR,AOC,5643.07,354,2024-02-22,COM DATA
993,CORE I7,PROCESSADOR,Corsair,14810.49,245,2024-06-07,COM DATA
995,IMPRESSORA LASER,IMPRESSORA,Samsung,8093.95,419,2023-01-06,COM DATA
996,MONITOR 27,MONITOR,Corsair,10434.33,2,2022-11-27,COM DATA
998,GABINETE RGB,GABINETE,Kingston,711.57,484,2024-10-01,COM DATA
999,HEADSET GAMER,HEADSET,Dell,7849.54,180,,SEM DATA
1000,CORE I5,PROCESSADOR,Lenovo,4509.64,426,2022-09-21,COM DATA
