cliente_id,nome,sobrenome,sexo,idade,email,telefone,cidade,estado,data_cadastro
1,Arthur,Santos,M,19,arthur.santos755@gmail.com,(65)91520-1488,Rio de Janeiro,SP,2025-02-23
2,Theo,Teixeira,F,52,theo.teixeira829@gmail.com,(46)93547-4527,Florianópolis,PR,2023-12-06
3,João,Freitas,F,47,joão.freitas301@outlook.com,abc123,Londrina,RJ,2024-02-18
4,Arthur,Carvalho,M,28,arthur.carvalho719@gmail.com,(31)98573-7216,Curitiba,MT,2023-03-26
5,Caio,Moreira,M,21,,(94)99179-7482,Goiânia,CE,2025-02-23
6,Nicolas,Melo,F,45,nicolas.melo142@yahoo.com.br,,Niterói,PE,2024-05-14
7,Ricardo,Gomes,F,56,ricardo.gomes882@gmail.com,(45)96573-2827,Londrina,CE,2023-06-24
8,Murilo,Pereira,F,50,murilo.pereira520@hotmail.com,(78)91009-6310,,ES,2023-09-22
9,Beatriz,Melo,M,,beatriz.melo546@hotmail.com,(44)99645-7932,Porto Alegre,CE,2023-02-16
10,Fernando,Monteiro,F,59,fernando.monteiro231@gmail.com,(39)91117-2163,Campinas,PR,2022-05-26
11,Camila,Monteiro,M,49,camila.monteiro904@yahoo.com.br,(23)92588-8062,Joinville,CE,2022-04-21
12,Theo,Santos,F,21,theo.santos112@hotmail.com,(34)95563-8579,Caxias do Sul,Sao Paulo,2022-04-14
13,Bianca,Silva,M,80,bianca.silva498@yahoo.com.br,,São Paulo,ES,2024-07-20
14,Samuel,Freitas,F,68,samuel.freitas304@hotmail.com,(51)91936-1821,Fortaleza,MT,99/99/9999
15,Marcos,Pereira,M,22,marcos.pereira965@hotmail.com,,Rio de Janeiro,MT,2023-10-10
16,Amanda,Monteiro,F,63,amanda.monteiro688@outlook.com,(12)98508-2638,Rio de Janeiro,MG,2023-12-16
17,Beatriz,Carvalho,F,36,beatriz.carvalho827@gmail.com,(24)93200-5333,Niterói,MG,2023-07-12
18,Amanda,Teixeira,F,39,amanda.teixeira258@gmail.com,(11)96464-3143,Curitiba,CE,2024-05-25
19,Paulo,Oliveira,M,78,paulo.oliveira855@outlook.com,(50)96974-1653,Joinville,RJ,2023-12-26
20,Roberto,Correia,M,65,roberto.correia820@hotmail.com,,Florianópolis,PE,2023-05-24
21,Samuel,Santos,F,42,samuel.santos837@yahoo.com.br,(39)91387-4164,Salvador,ES,2023-07-26
22,Renata,Gomes,F,61,renata.gomes119@outlook.com,(24)98119-6663,Florianópolis,RJ,2024-02-28
23,Julia,Rodrigues,M,20,julia.rodrigues826@hotmail.com,(53)96143-3041,Londrina,PR,2024-04-04
24,Carolina,Lima,F,30,carolina.lima925@hotmail.com,(11)95978-5700,Porto Alegre,PE,2023-10-22
25,Eduardo,Monteiro,M,31,eduardo.monteiro291@outlook.com,(50)94680-4262,,GO,2022-05-30
26,Arthur,Melo,F,30,arthur.melo250@hotmail.com,,Niterói,ES,2024-11-26
27,Carolina,Costa,F,76,carolina.costa476@outlook.com,(75)97991-9976,Goiânia,GO,2024-07-10
28,Beatriz,Ribeiro,F,35,teste@,(80)92320-3267,Belo Horizonte,CE,31/02/2025
29,Diego,Araujo,M,47,diego.araujo399@gmail.com,(11)96763-5892,Salvador,BA,2025-01-07
30,Bianca,Correia,M,75,bianca.correia498@gmail.com,(32)98657-3091,Vitória,MS,2025-03-01
31,Marcos,Ribeiro,F,45,marcos.ribeiro267@yahoo.com.br,(59)95558-7906,Curitiba,CE,2025/01/09
32,Fernanda,Ribeiro,M,22,fernanda.ribeiro973@hotmail.com,,Belo Horizonte,RJ,2025-03-01
33,Luiz,Teixeira,M,34,luiz.teixeira987@gmail.com,(85)91420-6111,Fortaleza,BA,02-11-2023
34,Carlos,Teixeira,M,67,carlos.teixeira580@gmail.com,(75)96590-1207,Feira de Santana,PR,2024-07-30
35,Daniel,Pereira,F,64,daniel.pereira942@yahoo.com.br,(52)95022-2419,Curitiba,GO,2025-03-13
36,Ricardo,Nascimento,F,19,ricardo.nascimento218@outlook.com,(46)91166-9464,Porto Alegre,GO,2025-02-11
37,Samuel,Dias,F,59,samuel.dias96@outlook.com,(85)97046-8753,Recife,CE,2025-02-01
38,Samuel,Rocha,M,35,samuel.rocha198@outlook.com,(34)94138-4545,Cuiabá,ES,2024-12-10
39,Carlos,Ferreira,M,36,carlos.ferreira726@hotmail.com,(27)99042-2680,São Paulo,GO,2023-11-29
40,Pedro,Rodrigues,M,78,pedro.rodrigues411yahoo.com.br,(49)92395-5066,Niterói,MS,2023-04-08
41,Ricardo,Rocha,F,76,ricardo.rocha636@gmail.com,(37)94457-5335,Rio de Janeiro,RJ,31/02/2025
42,Samuel,Correia,M,48,samuel,(91)94241-7965,Niterói,SC,10-19-2022
43,Laura,Correia,F,65,laura.correia480@outlook.com,(74)98172-2317,,PR,05-28-2023
44,Bernardo,Melo,F,55,bernardo.melo782@hotmail.com,(34)98141-9056,Rio de Janeiro,PR,2022-08-03
45,Diego,Martins,F,62,diego.martins564@gmail.com,(62)99431-1018,Recife,Rs,2024-10-17
46,Murilo,Souza,M,31,murilo.souza449@yahoo.com.br,(41)93594-6091,,RS,2022-08-21
47,Paulo,Ribeiro,F,71,paulo.ribeiro280@yahoo.com.br,(81)93369-7284,Porto Alegre,MG,2022-05-23
48,Roberto,Nascimento,F,77,roberto.nascimento290@outlook.com,(30)98316-9824,Cuiabá,MT,2024-02-12
49,Bruno,Ferreira,F,80,@gmail.com,(60)93492-9115,Campinas,PR,2022-07-25
50,Eduardo,Santos,M,51,teste@,(94)92315-6383,Recife,CE,2024-09-26
51,João,Correia,F,22,joão.correia765@gmail.com,(23)98269-3725,Londrina,São Paulo,2023-08-24
52,Daniel,Lima,M,33,daniel.lima81@yahoo.com.br,(29)94804-8555,Curitiba,ES,2024-08-10
53,Bernardo,Araujo,F,vinte,bernardo.araujo435@outlook.com,(72)92747-4886,Salvador,CE,31/02/2025
54,Camila,Silva,M,54,camila.silva764@yahoo.com.br,(40)96772-4588,Porto Alegre,CE,2022-10-08
55,Arthur,Ribeiro,F,,arthur.ribeiro374@hotmail.com,(33)94289-3165,Recife,MT,2023-07-13
56,Larissa,Dias,F,79,larissa.dias480@gmail.com,(97)97511-6992,Rio de Janeiro,Sao Paulo,2024-07-20
57,Nicolas,Monteiro,F,34,,(93)92035-8606,Londrina,SP,2022-03-18
58,Vanessa,Santos,M,24,vanessa.santos380@yahoo.com.br,(94)92622-9017,Vitória,SP,2024-01-29
59,Eduardo,Costa,F,72,teste@,(69)92501-4475,Vitória,Rs,2023-05-14
60,Tatiane,Ferreira,M,22,tatiane.ferreira833@hotmail.com,(11)95542-3370,Belo Horizonte,RJ,2022-02-22
61,Vinicius,Costa,M,55,vinicius.costa130@yahoo.com.br,(57)99408-2786,Goiânia,SP,2024-12-03
62,Theo,Silva,F,21,theo.silva111@yahoo.com.br,(52)93430-2076,Belo Horizonte,MT,2023-10-28
63,Helena,Barbosa,F,36,helena.barbosa719@gmail.com,(38)98046-8398,Caxias do Sul,BA,2024-05-01
64,Bruno,Martins,F,38,bruno.martins704yahoo.com.br,(58)93131-1982,Fortaleza,PE,2022-09-08
65,Davi,Moreira,M,45,davi.moreira615@outlook.com,(95)98900-4674,Niterói,RJ,2023-07-25
66,Daniel,Araujo,M,80,teste@,(54)96751-1100,Uberlândia,BA,2022-05-23
67,Arthur,Silva,M,23,arthur.silva465@outlook.com,(83)92391-1861,Belo Horizonte,PE,2022-06-17
68,Davi,Martins,F,49,davi.martins774@gmail.com,(86)98972-9633,,MS,2022/04/23
69,Amanda,Moreira,F,26,amanda.moreira8@yahoo.com.br,(40)99196-6802,Rio de Janeiro,BA,2022-02-08
70,Lucas,Nascimento,F,54,lucas.nascimento428@outlook.com,,Florianópolis,GO,2024-01-12
71,Carlos,Costa,M,45,carlos.costa318@outlook.com,999999,Campo Grande,PR,2023-12-21
72,Theo,Lima,F,33,theo.lima617@hotmail.com,(91)99095-8601,Fortaleza,MS,2023-10-24
73,Arthur,Nascimento,F,27,arthur.nascimento311@outlook.com,,,SC,2022-06-07
74,Marcos,Correia,F,56,marcos.correia978@gmail.com,(52)98792-9214,Belo Horizonte,ES,2023-12-05
75,Marcos,Barbosa,M,59,marcos.barbosa450@hotmail.com,(54)91857-6482,Rio de Janeiro,BA,2023-08-05
76,Davi,Correia,M,73,davi.correia145@outlook.com,(27)92388-6072,Recife,MG,2024-12-14
77,Davi,Martins,F,50,davi.martins974@hotmail.com,(28)93538-2264,Londrina,ES,2025-01-10
78,Aline,Souza,M,60,aline.souza158@hotmail.com,(32)98170-1715,Feira de Santana,GO,2023-08-07
79,Eduardo,Costa,F,52,eduardo.costa199@outlook.com,(47)97256-9239,Campo Grande,RS,2022-10-11
80,Pedro,Ribeiro,M,48,pedro.ribeiro529@gmail.com,(76)93414-8167,Rio de Janeiro,GO,2023-12-17
81,Roberto,Souza,M,43,roberto.souza84@outlook.com,(94)96493-3392,,GO,2022-10-12
82,Patricia,Rocha,M,-5,patricia.rocha856@hotmail.com,(25)95720-4893,Londrina,PE,31/02/2025
83,Helena,Araujo,M,19,teste@,(96)92402-9576,Joinville,MT,2024-11-05
84,Ricardo,Dias,F,20,ricardo.dias17@outlook.com,(91)92698-6447,,PE,2022-12-25
85,Bernardo,Rocha,M,80,bernardo,,Porto Alegre,SC,2024-11-21
86,Bianca,Dias,F,0,bianca.dias800@gmail.com,(58)98159-7553,Goiânia,MG,2024-10-13
87,Gustavo,Barbosa,F,35,gustavo.barbosa617@hotmail.com,(95)95843-6021,Goiânia,CE,2024-06-28
88,João,Freitas,F,73,@gmail.com,(97)93621-1510,Belo Horizonte,GO,2022-03-13
89,Beatriz,Moreira,F,59,beatriz.moreira34@hotmail.com,(20)93255-9674,Joinville,RS,08-21-2022
90,Vanessa,Barbosa,M,42,vanessa.barbosa267@yahoo.com.br,(73)94279-3009,Belo Horizonte,CE,2024-06-30
91,Bernardo,Nascimento,M,60,bernardo.nascimento298@outlook.com,(92)93852-6922,Campo Grande,ES,2022-10-12
92,Vanessa,Silva,F,41,vanessa.silva565@hotmail.com,(72)99612-7730,Feira de Santana,Rs,2022-06-01
93,Bernardo,Barbosa,M,40,bernardo.barbosa133@yahoo.com.br,(77)93507-5982,Uberlândia,RS,2023-12-10
94,Aline,Almeida,F,0,aline.almeida311@gmail.com,(30)93804-6531,,RJ,2022-04-04
95,Caio,Melo,F,34,caio.melo32@yahoo.com.br,(49)98912-5012,Salvador,São Paulo,2022-11-20
96,Patricia,Rocha,M,31,patricia.rocha736@outlook.com,(27)97070-9437,Recife,RJ,2023-07-02
97,Gabriel,Santos,F,21,gabriel.santos429@hotmail.com,(84)96123-4110,Uberlândia,GO,2023-09-24
98,Marcos,Gomes,M,50,@gmail.com,(97)98710-5681,,MG,2023-06-26
99,Murilo,Gomes,M,-5,murilo.gomes296@gmail.com,(90)92946-3108,Niterói,PR,2025-02-16
100,Murilo,Lima,F,30,murilo.lima47@gmail.com,(69)93440-9446,Belo Horizonte,MG,2024-03-15
101,Nicolas,Almeida,F,55,nicolas.almeida307@yahoo.com.br,(64)96040-1436,Vitória,ES,2025-03-30
102,Enzo,Souza,F,55,enzo.souza698hotmail.com,(64)93481-7765,Porto Alegre,GO,2022-05-08
103,Aline,Ferreira,F,53,aline.ferreira322@hotmail.com,(97)95331-8932,Porto Alegre,SC,2023-04-06
104,Laura,Moreira,F,36,laura.moreira358@outlook.com,(61)96654-3399,,RJ,2023-12-11
105,Theo,Rodrigues,M,65,theo.rodrigues278@outlook.com,(42)91831-9700,Caxias do Sul,Santa Catarina,2023-11-08
106,Carlos,Monteiro,M,67,carlos.monteiro958@yahoo.com.br,(52)95676-1969,Rio de Janeiro,CE,2022-03-18
107,Felipe,Martins,M,74,felipe.martins407@yahoo.com.br,(48)91613-1151,Londrina,PR,2023-08-06
108,Theo,Araujo,M,51,theo.araujo480@outlook.com,(69)95215-4050,São Paulo,MS,2023-01-31
109,Arthur,Gomes,F,70,arthur.gomes686@gmail.com,(42)91111-5272,Salvador,PR,2023-09-11
110,Tatiane,Silva,M,34,tatiane.silva122@yahoo.com.br,(50)92923-5833,Joinville,MG,2024-09-06
111,Nicolas,Correia,F,41,nicolas.correia822@hotmail.com,(21)99609-8319,Campo Grande,Sao Paulo,2022-05-07
112,Renata,Ferreira,M,54,renata.ferreira533@yahoo.com.br,(22)99361-8298,Campinas,GO,31/02/2025
113,Bernardo,Almeida,M,vinte,teste@,(18)92130-8734,Campinas,MG,2024-05-10
114,Ricardo,Rocha,F,73,ricardo.rocha700@hotmail.com,(79)97439-9664,Belo Horizonte,SP,2022-02-16
115,Luiz,Monteiro,F,64,luiz.monteiro254@yahoo.com.br,(25)91527-7868,Vitória,SP,2023-05-08
116,Carlos,Correia,M,20,carlos.correia46@yahoo.com.br,(18)93295-9255,Londrina,MS,2023-10-16
117,Caio,Monteiro,F,70,caio.monteiro677@hotmail.com,(86)93869-7999,Recife,PE,2024-02-20
118,Bruno,Teixeira,F,44,bruno.teixeira773@yahoo.com.br,(29)98586-1944,Recife,MT,2022-10-02
119,Larissa,Ferreira,F,39,@gmail.com,(20)94082-4555,Cuiabá,SC,2022-02-01
120,Julia,Freitas,F,25,julia.freitas713@hotmail.com,(47)97236-8639,Recife,PR,2024-11-16
121,Luiz,Santos,F,69,luiz.santos328@hotmail.com,(39)93390-1265,Curitiba,CE,2024-05-05
122,Julia,Nascimento,M,32,julia.nascimento671@outlook.com,(93)99037-8550,Uberlândia,MG,2025-01-24
123,Bianca,Ribeiro,M,-5,bianca.ribeiro685@gmail.com,(40)92113-3474,São Paulo,SP,2024-09-16
124,Maria,Silva,M,,maria.silva740@outlook.com,(97)98054-3937,Niterói,RS,2023-01-29
125,Larissa,Carvalho,M,35,larissa.carvalho416@yahoo.com.br,(98)92320-1519,Rio de Janeiro,GO,2022-04-25
126,Samuel,Pereira,F,23,samuel.pereira340@gmail.com,(99)98790-5441,Campinas,SC,2025-01-17
127,João,Pereira,M,77,joão.pereira602@hotmail.com,(20)95903-3661,Fortaleza,BA,2025-01-12
128,Murilo,Freitas,M,26,@gmail.com,,,GO,2024-10-01
129,Carolina,Gomes,F,45,carolina.gomes634@outlook.com,(30)97225-3527,Salvador,SP,2023-09-24
130,Murilo,Rodrigues,M,24,murilo.rodrigues571@yahoo.com.br,(87)96315-7311,São Paulo,RJ,2025-02-19
131,Beatriz,Melo,F,51,beatriz.melo276@outlook.com,(46)97899-5911,Cuiabá,RS,2024-10-12
132,Julia,Rocha,M,24,julia.rocha341@yahoo.com.br,(94)93230-5922,Florianópolis,GO,2023-10-06
133,Fernando,Nascimento,F,36,fernando.nascimento801@hotmail.com,(57)92865-4273,Fortaleza,ES,31/02/2025
134,Henrique,Ferreira,M,46,henrique.ferreira815@yahoo.com.br,(43)93525-7932,Salvador,GO,2025-04-07
135,Renata,Teixeira,F,44,renata.teixeira832@gmail.com,(32)91725-7547,Florianópolis,SP,2022-07-21
136,Renata,Freitas,M,51,renata.freitas401@yahoo.com.br,(55)91402-8909,Niterói,RJ,2022-08-26
137,Enzo,Lima,F,40,enzo.lima534@yahoo.com.br,(68)96225-2100,,SP,2023-12-04
138,Bernardo,Pereira,M,77,bernardo.pereira566@hotmail.com,(62)94022-4053,Feira de Santana,RS,2024-07-09
139,Ricardo,Silva,F,63,ricardo.silva829@gmail.com,(57)96340-4228,Goiânia,GO,2024-12-16
140,Bruno,Correia,M,42,bruno.correia866@yahoo.com.br,(49)92388-3194,Florianópolis,MG,2024-02-04
141,Renata,Gomes,F,44,renata.gomes499@hotmail.com,(51)98389-1878,Joinville,RS,2024-02-26
142,Renata,Ribeiro,F,49,renata.ribeiro861@yahoo.com.br,abc123,,SC,2022-12-11
143,Tatiane,Freitas,M,67,tatiane.freitas275@outlook.com,(67)99951-4580,Feira de Santana,ES,2023-05-22
144,João,Rocha,M,34,joão.rocha121@hotmail.com,(89)98015-3719,Vitória,RS,2022-05-02
145,Bianca,Rodrigues,F,56,bianca.rodrigues300@outlook.com,(97)92560-3221,Feira de Santana,PE,2022-09-17
146,Mateus,Costa,M,27,mateus.costa693@yahoo.com.br,(64)97146-8405,Rio de Janeiro,RJ,2024-04-05
147,Camila,Teixeira,F,77,camila.teixeira336@gmail.com,(69)96869-2037,Recife,RS,2024-10-10
148,Isabela,Nascimento,F,53,@gmail.com,,Uberlândia,Santa Catarina,2023-02-19
149,Mateus,Ribeiro,F,37,mateus.ribeiro370@outlook.com,(17)97493-6005,Caxias do Sul,RJ,2022-01-03
150,Lucas,Lima,F,,lucas.lima713@outlook.com,(27)98826-2160,Caxias do Sul,RJ,2022-07-31
151,Laura,Lima,M,42,,,Uberlândia,PE,2022-11-07
152,Miguel,Monteiro,M,46,miguel.monteiro144@gmail.com,(51)93290-5059,Curitiba,MS,2023-08-07
153,Samuel,Silva,F,72,samuel.silva622@hotmail.com,abc123,Cuiabá,PE,2022-05-26
154,Ana,Carvalho,F,77,ana.carvalho583@yahoo.com.br,(20)91273-2106,São Paulo,São Paulo,2024-03-26
155,Arthur,Teixeira,F,50,arthur.teixeira85@hotmail.com,(37)93545-9788,Florianópolis,PE,2022-05-16
156,Daniel,Freitas,M,79,daniel.freitas947@yahoo.com.br,abc123,,SP,2022-12-02
157,Vinicius,Barbosa,F,51,vinicius.barbosa130@outlook.com,(53)98034-5456,Campo Grande,MS,2022-06-07
158,Renata,Carvalho,M,21,renata.carvalho262@gmail.com,(76)91042-1721,São Paulo,BA,2022-11-04
159,João,Araujo,F,69,joão.araujo255@yahoo.com.br,(84)97108-2956,Campo Grande,Rio,2024-11-22
160,Fernando,Oliveira,F,74,fernando.oliveira319@outlook.com,(48)95979-4974,Goiânia,ES,2023-02-05
161,Bianca,Moreira,M,68,bianca.moreira25@hotmail.com,(12)96488-1023,Salvador,RJ,2023-02-25
162,Beatriz,Martins,M,49,beatriz.martins96@gmail.com,(58)98511-2391,Fortaleza,BA,2022-06-03
163,Pedro,Martins,M,60,pedro.martins872@outlook.com,(52)96211-8417,Curitiba,MG,2025-04-12
164,Carlos,Pereira,F,46,carlos.pereira367@hotmail.com,(22)93582-5984,,PR,2022-10-31
165,Beatriz,Carvalho,F,43,beatriz.carvalho179@gmail.com,(81)95093-2551,Goiânia,RJ,01-25-2022
166,Mateus,Ferreira,M,70,mateus.ferreira266gmail.com,(27)92506-6432,,MG,2025-03-21
167,Enzo,Gomes,M,,enzo.gomes931@hotmail.com,(89)95026-5835,Cuiabá,SP,2022-06-29
168,Mateus,Martins,M,30,mateus.martins822@gmail.com,(80)98940-6636,Fortaleza,MG,2022-02-23
169,Fernanda,Silva,F,75,fernanda.silva484@outlook.com,(23)95060-4951,Curitiba,CE,2022-04-25
170,Fernanda,Melo,F,72,fernanda.melo860@hotmail.com,(56)91462-6761,Fortaleza,RS,2024-10-05
171,Felipe,Dias,M,20,,(33)96301-1975,São Paulo,MG,2022-08-16
172,Gustavo,Oliveira,F,41,gustavo.oliveira345@outlook.com,(66)98982-6198,Uberlândia,MS,2024-01-01
173,Sofia,Pereira,F,42,sofia.pereira747@gmail.com,(83)91530-3983,Vitória,MS,2023-03-29
174,Carlos,Dias,M,27,carlos.dias328@hotmail.com,(96)96500-8317,São Paulo,RJ,2023-12-19
175,Carlos,Freitas,F,,carlos.freitas906@yahoo.com.br,(23)98855-4695,Uberlândia,SP,2023/08/27
176,Carlos,Oliveira,F,39,carlos.oliveira77@gmail.com,(14)98066-3703,Vitória,RJ,2023-11-10
177,Julia,Martins,F,62,julia.martins305@hotmail.com,(73)93516-1893,,PE,2024-09-10
178,Maria,Ferreira,M,28,maria.ferreira119@outlook.com,(44)92493-9914,Salvador,PR,2023-01-18
179,Larissa,Rocha,F,47,larissa.rocha155@gmail.com,(86)94727-1999,Salvador,MT,2024-08-30
180,Beatriz,Dias,M,-5,beatriz.dias776@yahoo.com.br,(35)93067-1699,Feira de Santana,RS,2022-10-30
181,Larissa,Nascimento,M,76,larissa.nascimento570@yahoo.com.br,(12)99561-7874,Niterói,MS,2025-04-08
182,Carlos,Santos,F,54,carlos.santos902@outlook.com,(84)98750-1613,Uberlândia,MS,2024/04/02
183,Samuel,Costa,F,21,samuel.costa21@outlook.com,(73)92609-4734,Belo Horizonte,ES,2023-10-20
184,Roberto,Correia,F,59,roberto.correia844@yahoo.com.br,(18)99442-3604,Rio de Janeiro,MG,2024-12-09
185,Maria,Pereira,M,30,maria.pereira256@gmail.com,(46)97035-8605,Campo Grande,PE,2022-03-04
186,Vanessa,Correia,F,46,vanessa.correia359@outlook.com,(99)92480-5670,São Paulo,MS,2023-03-15
187,Theo,Costa,F,61,theo.costa886@gmail.com,(12)94666-5135,Vitória,CE,2023-07-18
188,Ricardo,Carvalho,F,47,ricardo.carvalho534@yahoo.com.br,,Joinville,SC,2023-09-04
189,Patricia,Oliveira,F,39,patricia.oliveira268@outlook.com,(18)97620-6236,Belo Horizonte,SC,2023-06-16
190,Fernando,Gomes,F,0,fernando.gomes228@yahoo.com.br,(32)93967-5813,Niterói,CE,2025-02-18
191,Felipe,Monteiro,M,75,felipe.monteiro229@outlook.com,(85)95817-8598,Niterói,MS,2025-04-03
192,Lucas,Dias,M,74,lucas.dias391@outlook.com,(36)96614-7704,Fortaleza,MG,2023-10-10
193,Felipe,Moreira,M,23,felipe.moreira60@gmail.com,(84)93595-9021,Rio de Janeiro,BA,2024-04-06
194,Patricia,Gomes,F,0,patricia.gomes914@outlook.com,999999,Caxias do Sul,SC,2022-09-22
195,Renata,Melo,M,37,renata.melo298@yahoo.com.br,(98)93192-6615,Cuiabá,ES,04-06-2024
196,Enzo,Lima,M,31,enzo.lima729@gmail.com,(90)91796-1785,Niterói,Sao Paulo,2024-05-03
197,Paulo,Araujo,M,34,paulo.araujo703@gmail.com,(45)93247-7862,Niterói,SC,2022-08-22
198,Vanessa,Ferreira,F,56,vanessa.ferreira997@hotmail.com,(81)99132-4402,Cuiabá,Sao Paulo,2022-08-15
199,Davi,Dias,M,27,davi.dias104@outlook.com,(44)98606-1820,Niterói,SC,2024-01-08
200,Bruno,Martins,M,,bruno.martins142@hotmail.com,(45)92522-7105,Florianópolis,GO,2023-07-11
201,Samuel,Dias,M,69,samuel.dias713@gmail.com,(86)98908-8178,Uberlândia,MS,2022-03-01
202,Enzo,Lima,M,48,teste@,,Campo Grande,MS,2023-04-04
203,Davi,Nascimento,M,51,davi.nascimento745@hotmail.com,(30)91894-1190,Uberlândia,GO,31/02/2025
204,Bruno,Costa,M,39,bruno.costa564@yahoo.com.br,(84)98341-2442,Cuiabá,GO,2022-02-06
205,Roberto,Souza,M,53,roberto.souza987@outlook.com,(69)96584-6953,Campinas,PR,2025-02-21
206,Helena,Dias,F,63,teste@,(48)99973-9552,Joinville,SP.,2024-10-05
207,Henrique,Freitas,F,64,henrique.freitas193@gmail.com,(35)96536-2765,,PE,2022-09-10
208,Eduardo,Rocha,M,60,eduardo.rocha5@gmail.com,(76)93903-3845,Belo Horizonte,MS,2023-10-22
209,Ricardo,Martins,M,80,ricardo.martins987@outlook.com,(63)99393-5897,Recife,MT,2023-03-22
210,Miguel,Teixeira,M,36,miguel.teixeira666@hotmail.com,(25)96771-8870,Fortaleza,BA,2024-12-29
211,Daniel,Silva,F,51,daniel.silva687@gmail.com,(47)95105-3399,Campinas,ES,31/02/2025
212,Carlos,Correia,M,73,carlos.correia575@yahoo.com.br,(47)91769-7251,Salvador,PE,2023-10-03
213,Pedro,Silva,F,65,pedro.silva934@outlook.com,(35)95819-8353,Uberlândia,SP.,2024-11-18
214,João,Martins,M,35,@gmail.com,(30)96285-1833,Vitória,ES,2025-03-18
215,Lucas,Teixeira,M,38,lucas.teixeira806@hotmail.com,(39)94495-6437,Florianópolis,ES,2024-12-22
216,Carolina,Moreira,M,80,carolina.moreira457@hotmail.com,(16)96258-7248,Niterói,SC,2022-02-20
217,Caio,Carvalho,F,50,caio.carvalho304@hotmail.com,(79)99736-1120,Rio de Janeiro,RS,2024-05-18
218,Amanda,Araujo,F,71,amanda.araujo963@gmail.com,(53)91620-2433,Rio de Janeiro,MT,2022-05-25
219,Fernanda,Rodrigues,F,44,fernanda.rodrigues18@yahoo.com.br,(90)92036-1745,Rio de Janeiro,SC,2023-09-10
220,Isabela,Moreira,F,77,isabela.moreira32@yahoo.com.br,(80)95832-3360,Londrina,ES,2024-02-04
221,Ana,Araujo,M,,ana.araujo587@yahoo.com.br,(55)94469-7760,Campo Grande,MS,2023-06-02
222,Felipe,Monteiro,M,69,felipe.monteiro955@yahoo.com.br,(43)92608-4234,Fortaleza,MG,2023-04-26
223,Miguel,Oliveira,F,75,miguel.oliveira632@outlook.com,(51)98017-3762,São Paulo,CE,2024-06-12
224,Gustavo,Lima,F,61,gustavo.lima368@outlook.com,(21)95597-3293,Recife,PE,2022-06-06
225,Maria,Barbosa,M,,maria.barbosa565@outlook.com,(30)96993-7430,Caxias do Sul,SC,2022-10-02
226,Renata,Oliveira,M,43,renata.oliveira869@hotmail.com,(83)93395-8921,,RS,2022-05-09
227,Fernanda,Souza,F,60,fernanda.souza940@yahoo.com.br,,Florianópolis,PE,2023-07-15
228,Larissa,Melo,F,52,larissa.melo375@gmail.com,(77)97649-6781,Joinville,MS,2022-01-14
229,Mateus,Rocha,F,28,mateus.rocha192@hotmail.com,(40)97793-6410,Niterói,RS,2022-11-27
230,Roberto,Silva,M,0,teste@,(62)91305-5644,Rio de Janeiro,GO,2024-09-13
231,Roberto,Correia,M,27,roberto.correia524@outlook.com,(87)92127-4765,Salvador,RS,2024-12-06
232,Renata,Monteiro,M,44,renata.monteiro924@gmail.com,(22)98901-3135,Vitória,Santa Catarina,2024-12-05
233,João,Teixeira,F,51,joão.teixeira391@outlook.com,(84)92600-7971,Belo Horizonte,RJ,2023-08-04
234,Bianca,Martins,M,34,bianca.martins121@gmail.com,(63)96935-2746,Belo Horizonte,SC,2025-01-02
235,Gustavo,Correia,F,35,gustavo.correia424@yahoo.com.br,(50)96641-7522,Belo Horizonte,CE,2023-04-16
236,Samuel,Pereira,F,24,samuel.pereira821@gmail.com,999999,Belo Horizonte,RJ,2022-05-12
237,Gustavo,Oliveira,F,,gustavo.oliveira534@outlook.com,(33)99099-8192,São Paulo,ES,2024-11-27
238,João,Correia,M,50,joão.correia691@gmail.com,(22)95520-7544,Joinville,RS,26/11/2024
239,Marcos,Araujo,F,36,marcos.araujo836@outlook.com,(62)91076-5277,Uberlândia,RJ,2024-10-27
240,Paulo,Barbosa,F,79,paulo.barbosa990@yahoo.com.br,(69)98548-1448,Cuiabá,Rio,2023-04-16
241,Roberto,Carvalho,F,51,roberto.carvalho96@yahoo.com.br,abc123,Cuiabá,MS,2023-07-06
242,Nicolas,Monteiro,F,77,nicolas.monteiro241@hotmail.com,(42)96833-3555,Niterói,Paraná,2022-01-14
243,Bianca,Souza,F,72,bianca.souza903@outlook.com,(46)97518-4638,Fortaleza,BA,2024-09-06
244,João,Barbosa,M,40,joão.barbosa124@yahoo.com.br,,Porto Alegre,PR,2023-06-16
245,Larissa,Costa,F,35,larissa.costa511@yahoo.com.br,(62)95581-8384,Uberlândia,PE,2023-04-14
246,Enzo,Rodrigues,F,69,enzo.rodrigues201@hotmail.com,(12)93893-7906,Cuiabá,PE,2024-11-24
247,Bruno,Dias,M,37,teste@,(68)96483-5256,Joinville,ES,2023-06-12
248,Roberto,Santos,M,40,roberto.santos666@hotmail.com,(76)98987-8322,Rio de Janeiro,PE,2022-10-24
249,Arthur,Nascimento,F,44,arthur.nascimento74@gmail.com,(48)95382-7479,Curitiba,PR,2024-12-02
250,Roberto,Pereira,M,29,roberto.pereira678@outlook.com,(32)97505-2687,Niterói,MT,31/02/2025
251,Aline,Moreira,M,23,aline.moreira954@yahoo.com.br,(91)93071-3150,Campo Grande,Rs,2023-10-29
252,Luiz,Araujo,F,77,luiz.araujo972@hotmail.com,(83)98126-9576,Recife,MT,2023-04-11
253,Eduardo,Almeida,M,41,eduardo.almeida1@hotmail.com,,Cuiabá,ES,2023-08-23
254,Ana,Araujo,F,41,ana.araujo168@yahoo.com.br,abc123,Campo Grande,ES,2023-07-11
255,Nicolas,Araujo,M,69,nicolas.araujo187@hotmail.com,(45)99060-4076,,São Paulo,2023-01-16
256,Isabela,Rodrigues,M,26,isabela.rodrigues155@gmail.com,(74)97084-8597,Campinas,MG,2022-04-25
257,Fernando,Oliveira,M,52,fernando.oliveira257@yahoo.com.br,(42)97304-8257,Caxias do Sul,Paraná,2022-07-12
258,Amanda,Dias,F,42,amanda.dias163@gmail.com,(72)95895-4255,Joinville,RS,2022-08-20
259,Daniel,Nascimento,F,18,daniel.nascimento406hotmail.com,(99)93539-7084,Rio de Janeiro,PE,2023-11-25
260,Murilo,Ribeiro,M,0,murilo.ribeiro239@outlook.com,(67)94161-1349,Salvador,SP,2024-09-20
261,Carolina,Almeida,M,52,carolina.almeida557@outlook.com,(87)93627-2128,Campo Grande,SC,2025-01-14
262,Ana,Moreira,M,58,ana.moreira635@outlook.com,(95)99830-7348,Porto Alegre,MT,2022-11-12
263,Bruno,Martins,M,59,bruno.martins69@gmail.com,(36)92753-8952,Porto Alegre,BA,2024-09-30
264,Samuel,Melo,M,,samuel.melo944@hotmail.com,(70)91994-6913,Recife,PR,2022-04-30
265,Camila,Barbosa,F,20,camila.barbosa222@gmail.com,(35)99621-5075,Fortaleza,CE,2025-02-17
266,Carlos,Moreira,F,58,carlos.moreira438@gmail.com,(54)93591-9747,Vitória,PR,2025-01-31
267,Bruno,Carvalho,F,44,bruno.carvalho332@hotmail.com,(43)96898-8412,Goiânia,São Paulo,2023-08-06
268,Aline,Lima,F,74,teste@,(84)93534-2544,Campinas,SC,2024-01-22
269,Beatriz,Costa,M,34,beatriz.costa583@hotmail.com,(33)98999-2562,Vitória,Santa Catarina,2022-06-10
270,Caio,Nascimento,F,40,caio.nascimento889@gmail.com,(88)91187-7266,Campinas,SP.,2023-11-01
271,Fernanda,Lima,F,21,fernanda.lima771@gmail.com,(27)96507-2352,Cuiabá,Santa Catarina,2023-06-22
272,Renata,Martins,M,67,renata.martins203@yahoo.com.br,(78)95034-4970,Rio de Janeiro,PE,2025-03-25
273,Davi,Martins,M,45,davi.martins609@gmail.com,(67)93389-8216,Campinas,PE,2024-02-05
274,Enzo,Oliveira,M,25,enzo.oliveira949@hotmail.com,999999,Londrina,Rio,2025-01-06
275,Bianca,Barbosa,F,66,bianca.barbosa145@gmail.com,(43)93790-1984,Londrina,SC,2022-04-19
276,Ana,Oliveira,F,42,ana.oliveira20@outlook.com,(59)99331-2631,Florianópolis,RJ,2023-01-17
277,Luiz,Araujo,M,77,luiz.araujo543@outlook.com,(55)96765-6822,Londrina,MT,2023-07-19
278,Arthur,Rodrigues,M,74,arthur.rodrigues972@outlook.com,(28)92438-7262,Campo Grande,PE,2023-04-11
279,Tatiane,Lima,F,45,tatiane.lima135@hotmail.com,(36)93262-6062,Campo Grande,ES,2022-10-25
280,Tatiane,Pereira,M,-5,tatiane.pereira901@hotmail.com,(63)97737-5970,Goiânia,PE,2023-07-15
281,Julia,Santos,F,26,julia.santos628@hotmail.com,999999,Cuiabá,GO,2024-02-05
282,Ricardo,Dias,M,48,ricardo.dias419@gmail.com,(96)94323-4351,Rio de Janeiro,GO,2024-09-30
283,Luiz,Costa,M,45,luiz.costa845@yahoo.com.br,(84)99784-9605,Campinas,SP,2023-05-19
284,Fernando,Freitas,M,20,fernando.freitas451@yahoo.com.br,(32)97921-5823,Vitória,MG,2024-08-07
285,Eduardo,Oliveira,M,64,eduardo.oliveira961@hotmail.com,,Fortaleza,GO,2022-07-04
286,Samuel,Ribeiro,M,76,samuel.ribeiro127@gmail.com,(78)97292-9383,Vitória,BA,2022-03-31
287,Diego,Melo,M,73,diego.melo149@hotmail.com,(68)95731-3960,Niterói,SP,31/02/2025
288,Vanessa,Araujo,M,,vanessa.araujo676@yahoo.com.br,(11)95009-9967,Curitiba,RS,2022-04-11
289,Pedro,Ribeiro,F,-5,pedro.ribeiro90@gmail.com,(47)93906-8460,Fortaleza,Minas,2023-10-24
290,Ricardo,Oliveira,M,66,ricardo.oliveira138@gmail.com,(78)94438-4425,Vitória,PE,2024-12-19
291,Patricia,Freitas,F,62,patricia.freitas869@outlook.com,(27)99132-9514,Cuiabá,MS,2023-04-22
292,Julia,Silva,M,-5,teste@,(12)94296-5614,Curitiba,MT,2025-01-31
293,Ana,Santos,F,61,ana.santos631@gmail.com,(97)98849-8774,Campinas,PE,2024-08-01
294,Bianca,Nascimento,F,47,bianca.nascimento58@outlook.com,(13)94412-6434,Joinville,SP,2023-11-26
295,Arthur,Araujo,F,71,arthur.araujo120@outlook.com,,Rio de Janeiro,GO,2023-09-12
296,Laura,Pereira,M,25,laura.pereira936@gmail.com,,Cuiabá,PR,2024-09-17
297,Aline,Almeida,M,67,aline.almeida961@hotmail.com,,Salvador,SP,2023-09-29
298,Bernardo,Correia,F,73,teste@,(36)94154-5695,Curitiba,PE,2022-08-29
299,Rafael,Rodrigues,M,-5,rafael.rodrigues563@outlook.com,(84)95011-3806,Rio de Janeiro,MT,27/06/2024
300,Patricia,Monteiro,M,21,patricia.monteiro402@hotmail.com,(99)98304-6826,Londrina,ES,31/02/2025
301,Tatiane,Lima,F,23,tatiane.lima318@yahoo.com.br,(89)95227-6954,Salvador,PR,2023-10-28
302,Maria,Oliveira,F,48,maria.oliveira175@outlook.com,(24)97646-2752,Florianópolis,Minas,2024-12-27
303,Sofia,Martins,M,33,sofia.martins394@gmail.com,(66)96606-9921,Caxias do Sul,CE,2025-03-21
304,Paulo,Melo,M,56,paulo.melo181@outlook.com,(87)97208-6364,Cuiabá,Rio,2022-10-12
305,Murilo,Ribeiro,M,0,murilo.ribeiro299@yahoo.com.br,(51)95910-5989,Feira de Santana,RJ,99/99/9999
306,Fernando,Lima,F,72,,(47)91510-4854,Feira de Santana,PR,2024-02-23
307,Daniel,Araujo,F,31,daniel.araujo569@yahoo.com.br,(47)93056-3200,São Paulo,Paraná,2024-06-13
308,Mateus,Oliveira,F,26,mateus.oliveira916@yahoo.com.br,(68)97303-6821,Caxias do Sul,MS,2024-10-17
309,Beatriz,Teixeira,F,,beatriz.teixeira39@yahoo.com.br,(99)92311-3327,Campo Grande,ES,2023-07-27
310,Marcos,Barbosa,M,74,marcos.barbosa760@gmail.com,(89)91864-6628,Recife,MT,2024-08-18
311,Diego,Martins,F,40,diego.martins37@outlook.com,,Fortaleza,Minas,2022-02-25
312,Marcos,Lima,F,vinte,marcos.lima288@outlook.com,,Niterói,CE,2022-11-06
313,Gustavo,Pereira,M,34,gustavo.pereira819@gmail.com,(30)99125-7765,Salvador,PE,2022-12-09
314,Enzo,Carvalho,M,21,enzo.carvalho476@yahoo.com.br,(79)94828-7222,Salvador,BA,2022-01-25
315,Eduardo,Gomes,M,61,eduardo.gomes545@outlook.com,(45)96488-5429,Curitiba,MS,2024-03-12
316,Bernardo,Freitas,M,33,bernardo.freitas694@hotmail.com,,São Paulo,Sao Paulo,2024-12-11
317,Eduardo,Carvalho,F,32,,(87)92995-2965,Rio de Janeiro,PE,2025-03-05
318,Felipe,Santos,F,62,felipe.santos959@gmail.com,(65)96298-5216,Uberlândia,SP,2024-02-23
319,Pedro,Rodrigues,M,79,pedro.rodrigues504@hotmail.com,(29)99857-8065,Porto Alegre,GO,2023-06-15
320,Lucas,Oliveira,F,,lucas.oliveira510@hotmail.com,,Campinas,CE,2023-11-07
321,Tatiane,Silva,F,50,tatiane.silva414@gmail.com,,Cuiabá,PR,2023-11-14
322,Fernando,Souza,M,58,fernando.souza874@outlook.com,(93)94327-3893,,RS,2023-09-05
323,Carlos,Ribeiro,M,62,carlos.ribeiro449@hotmail.com,(86)94907-9015,Salvador,SC,2024-10-20
324,Eduardo,Silva,F,20,eduardo.silva44@yahoo.com.br,(69)99791-3440,Fortaleza,SP.,2024-09-28
325,Patricia,Correia,M,,patricia.correia648@gmail.com,(89)93796-2047,Niterói,MS,03-28-2023
326,Daniel,Nascimento,F,69,daniel.nascimento701@hotmail.com,(16)93841-6496,Rio de Janeiro,BA,2022-12-11
327,Carolina,Pereira,M,46,carolina.pereira811@yahoo.com.br,,Cuiabá,Sao Paulo,2023-08-05
328,Caio,Dias,M,62,caio.dias536@yahoo.com.br,(15)93949-9190,Vitória,ES,2023-09-09
329,Ana,Araujo,M,33,ana.araujo884@hotmail.com,(17)94173-2846,Belo Horizonte,GO,2024-10-15
330,Davi,Souza,F,21,davi.souza258@outlook.com,(24)91859-9804,Uberlândia,Sao Paulo,2022-05-26
331,Enzo,Rocha,F,55,enzo.rocha694@outlook.com,(41)97759-4276,Salvador,Paraná,2022-04-22
332,Gabriel,Ferreira,M,77,gabriel.ferreira140@yahoo.com.br,(36)96503-3084,Campinas,SP.,2022-08-16
333,Luiz,Martins,M,28,luiz.martins619@hotmail.com,(32)94763-2416,Feira de Santana,RS,2024-08-27
334,Camila,Silva,M,64,camila.silva445@hotmail.com,(84)91083-7844,,ES,99/99/9999
335,Fernando,Dias,M,69,fernando.dias247@gmail.com,,Feira de Santana,SC,2023-05-05
336,Marcos,Silva,M,48,marcos.silva879@gmail.com,(62)94030-7068,Goiânia,Sao Paulo,2024-02-28
337,Diego,Barbosa,F,20,diego.barbosa628@hotmail.com,(18)99433-6963,Campinas,MS,2022-03-25
338,Felipe,Ribeiro,M,53,felipe.ribeiro343@hotmail.com,(85)94437-4693,Florianópolis,PE,2024-05-16
339,Lucas,Carvalho,M,40,lucas.carvalho545@outlook.com,(99)92075-4085,Goiânia,MG,2023-08-14
340,Lucas,Santos,M,28,lucas.santos896@hotmail.com,(98)99870-3163,Cuiabá,PE,2022-02-13
341,Lucas,Silva,F,73,lucas.silva352@outlook.com,(81)98295-8503,Londrina,SC,2022-12-18
342,Fernanda,Dias,M,41,fernanda.dias292@yahoo.com.br,(79)95673-3986,Uberlândia,PE,2022-11-11
343,Paulo,Souza,F,38,paulo.souza189@hotmail.com,,Florianópolis,GO,2025-01-10
344,Bianca,Almeida,F,25,bianca.almeida787@hotmail.com,(80)99313-6427,Londrina,ES,2025-03-20
345,Tatiane,Freitas,F,76,tatiane.freitas750@yahoo.com.br,(50)91406-7580,Vitória,RJ,10-31-2023
346,Sofia,Barbosa,F,32,sofia.barbosa86@yahoo.com.br,(61)94185-9035,Florianópolis,SP,2024-01-10
347,Henrique,Martins,M,41,henrique.martins360@outlook.com,(67)97809-8249,Londrina,BA,2024-04-28
348,Sofia,Correia,F,23,,(63)95478-7791,Uberlândia,ES,2022-10-08
349,Ricardo,Almeida,F,53,ricardo.almeida312@yahoo.com.br,999999,Belo Horizonte,PE,2024-08-25
350,Davi,Almeida,M,,davi.almeida784@outlook.com,(57)98872-8144,Curitiba,CE,2022-09-02
351,Enzo,Melo,M,19,enzo.melo150@outlook.com,(17)95467-6917,Feira de Santana,SP,2023-08-17
352,Arthur,Oliveira,M,50,arthur.oliveira614@hotmail.com,(98)95932-5447,Joinville,MG,2022-01-27
353,Isabela,Carvalho,F,67,isabela.carvalho167@gmail.com,(82)99612-9717,Recife,BA,2024-08-01
354,Paulo,Lima,F,vinte,paulo.lima143@yahoo.com.br,(54)93821-5991,São Paulo,MG,2022-10-19
355,Laura,Lima,M,31,@gmail.com,999999,Campinas,SP,2024-08-18
356,Larissa,Souza,M,22,larissa.souza802@gmail.com,(34)96759-1479,Rio de Janeiro,SC,2025-04-02
357,Rafael,Barbosa,M,67,rafael.barbosa70@gmail.com,(35)95617-3814,,RS,2024-10-29
358,Patricia,Carvalho,F,62,patricia.carvalho110@hotmail.com,(76)94728-7677,Niterói,GO,2022-08-14
359,Vanessa,Moreira,M,41,vanessa.moreira506@gmail.com,(98)98273-4700,Recife,BA,2023-01-22
360,Patricia,Monteiro,F,41,patricia.monteiro406@yahoo.com.br,(61)97563-2666,Uberlândia,PR,2023-02-15
361,Fernando,Santos,F,32,fernando.santos731@outlook.com,(56)98795-7626,Cuiabá,GO,2022-08-10
362,Vanessa,Dias,M,,vanessa.dias756@gmail.com,abc123,Salvador,SC,2022-07-17
363,Davi,Moreira,F,51,davi.moreira678@yahoo.com.br,(80)99955-1289,Campinas,RJ,2024-02-25
364,Ricardo,Rocha,F,0,ricardo.rocha169@yahoo.com.br,(25)99037-9837,Fortaleza,MG,2024/11/03
365,Vanessa,Melo,F,80,,,Joinville,SP,2023-11-30
366,Daniel,Carvalho,M,40,daniel.carvalho254@hotmail.com,(19)95995-2875,Florianópolis,SP,2024-08-01
367,Daniel,Melo,F,,daniel.melo481@gmail.com,(84)92601-9001,Niterói,GO,2024-10-26
368,Davi,Nascimento,F,28,davi.nascimento207@yahoo.com.br,abc123,Londrina,MS,2024-04-03
369,Miguel,Freitas,M,79,miguel.freitas280@gmail.com,(55)92256-5945,Campo Grande,MT,2023-10-04
370,Fernando,Rodrigues,M,57,fernando.rodrigues643@hotmail.com,(70)95389-9728,Vitória,MS,2022-05-03
371,Gustavo,Rocha,F,27,gustavo.rocha421@outlook.com,(63)95373-5702,Uberlândia,BA,2023-05-04
372,Julia,Silva,F,33,julia.silva574@yahoo.com.br,(45)93235-1477,Curitiba,MT,2022-12-27
373,João,Freitas,M,49,joão.freitas86@outlook.com,(63)96954-2479,Salvador,MG,2023-04-29
374,Nicolas,Barbosa,F,77,nicolas.barbosa93@hotmail.com,(85)97388-4865,Feira de Santana,RS,2023-07-17
375,Larissa,Melo,F,21,larissa.melo116@outlook.com,(46)93374-6947,Cuiabá,SP,2022-03-13
376,Davi,Souza,M,62,davi.souza394@outlook.com,(98)92999-9763,Caxias do Sul,BA,2023-06-08
377,Murilo,Costa,M,37,murilo.costa647@outlook.com,(15)95489-2312,Cuiabá,PR,2024-05-15
378,Carlos,Pereira,M,62,carlos.pereira617@outlook.com,,Campinas,GO,10-06-2022
379,Arthur,Almeida,M,38,arthur.almeida529@hotmail.com,(51)98397-8837,Belo Horizonte,PR,2023-08-01
380,Roberto,Carvalho,F,29,roberto.carvalho906hotmail.com,(91)94747-2457,Goiânia,MG,2022-04-12
381,Daniel,Correia,F,34,,(69)99096-2941,Caxias do Sul,ES,2023-06-30
382,Vanessa,Gomes,M,26,vanessa.gomes844@outlook.com,(29)91471-5754,Curitiba,RS,2024-01-28
383,Theo,Rocha,F,0,theo.rocha408@hotmail.com,(43)92196-2561,Recife,RS,2024-08-22
384,Helena,Monteiro,M,,helena.monteiro517@yahoo.com.br,(82)91673-3938,Curitiba,PR,2024-08-16
385,Bruno,Teixeira,F,51,bruno.teixeira46@hotmail.com,(57)98046-5635,Curitiba,SC,2024-11-24
386,Rafael,Nascimento,M,65,rafael,(71)95263-3679,Goiânia,GO,2022-03-25
387,Henrique,Araujo,M,49,henrique.araujo888@hotmail.com,(34)93757-9335,Curitiba,RS,2025-04-10
388,Ana,Barbosa,F,67,ana.barbosa253@yahoo.com.br,999999,Salvador,RJ,2023-10-25
389,Marcos,Rocha,F,71,marcos.rocha979@outlook.com,,Campinas,PR,2025-03-11
390,Pedro,Ribeiro,M,36,pedro.ribeiro561@yahoo.com.br,(62)92461-1336,Porto Alegre,SC,2022-11-12
391,Vanessa,Martins,F,65,vanessa.martins618@hotmail.com,(36)99021-8298,Salvador,BA,2022-07-04
392,Gustavo,Correia,F,29,gustavo.correia526@outlook.com,(30)99115-9638,Campo Grande,RJ,2024-09-05
393,Mateus,Monteiro,M,75,mateus.monteiro303@gmail.com,(76)97961-7766,Niterói,SC,2023-12-29
394,Marcos,Moreira,M,,@gmail.com,(86)98454-8371,Vitória,ES,2023-01-19
395,Marcos,Freitas,M,80,marcos.freitas19@gmail.com,,Cuiabá,PE,2024-09-23
396,Miguel,Carvalho,F,62,miguel.carvalho90@hotmail.com,(35)91439-4428,Cuiabá,BA,2025-01-08
397,Laura,Moreira,F,,laura.moreira171@hotmail.com,(13)98364-4975,Porto Alegre,BA,2022-04-15
398,Carlos,Ribeiro,F,72,@gmail.com,(89)98993-4799,Campinas,PR,31/02/2025
399,Patricia,Santos,F,49,patricia.santos447@gmail.com,(67)94802-9317,Caxias do Sul,MS,2024-08-17
400,Isabela,Freitas,F,63,isabela.freitas690@outlook.com,(90)94394-5627,Rio de Janeiro,RS,2022-11-17
401,Carlos,Martins,F,78,carlos.martins571@gmail.com,(97)93598-3862,,Santa Catarina,2022-08-22
402,Paulo,Araujo,F,32,paulo.araujo788@gmail.com,(99)99444-2706,Campinas,GO,2022-08-16
403,Miguel,Correia,M,68,miguel.correia43@gmail.com,(57)93572-5786,Goiânia,RJ,2022-11-12
404,Diego,Lima,F,25,diego.lima788@gmail.com,(75)93805-2396,Curitiba,PR,2023-05-18
405,Murilo,Barbosa,M,44,murilo.barbosa424@yahoo.com.br,(98)96927-1487,Goiânia,Sao Paulo,2022-06-23
406,Fernando,Moreira,F,28,fernando.moreira677@hotmail.com,(95)99516-5845,Feira de Santana,MT,2023-09-16
407,Bruno,Carvalho,M,18,bruno.carvalho457@hotmail.com,(67)96656-7627,Porto Alegre,MT,2023-11-17
408,Enzo,Freitas,F,74,enzo.freitas524@outlook.com,(14)99846-5238,Caxias do Sul,BA,2024-10-31
409,Pedro,Carvalho,F,34,pedro.carvalho775@gmail.com,119999,Caxias do Sul,MS,2024-12-28
410,Fernanda,Carvalho,M,37,fernanda.carvalho533@hotmail.com,(57)98443-2605,Belo Horizonte,RJ,07-08-2022
411,Patricia,Ferreira,F,,patricia.ferreira599@yahoo.com.br,(73)97830-3668,Belo Horizonte,GO,2022-09-22
412,Renata,Barbosa,F,25,renata.barbosa765@hotmail.com,(88)97694-2807,Niterói,MT,2022-11-10
413,Laura,Carvalho,M,37,teste@,(73)91034-3004,Recife,BA,2024-09-12
414,Tatiane,Rocha,F,75,tatiane.rocha738@hotmail.com,(68)98357-3440,Florianópolis,MS,2024-04-18
415,Fernando,Nascimento,F,,fernando.nascimento887@hotmail.com,(50)93028-2395,Porto Alegre,ES,2022-04-19
416,Aline,Ferreira,M,66,aline.ferreira959@hotmail.com,(85)98278-2386,Recife,SP,2024-10-03
417,Maria,Nascimento,M,45,maria.nascimento325@yahoo.com.br,(32)95675-3359,Uberlândia,SC,2024-04-14
418,Pedro,Correia,M,79,pedro.correia306@yahoo.com.br,(44)97152-2981,Campinas,MS,2023-04-30
419,Murilo,Barbosa,F,42,murilo.barbosa476yahoo.com.br,(13)95409-2663,Caxias do Sul,MG,2023-09-16
420,Eduardo,Oliveira,M,72,eduardo.oliveira146@outlook.com,(65)98401-1684,São Paulo,MS,2023-08-16
421,Rafael,Silva,F,21,rafael.silva257@yahoo.com.br,(76)95609-1745,Uberlândia,SC,2022-07-03
422,Paulo,Lima,F,64,paulo.lima216@outlook.com,(68)95473-5029,Florianópolis,MS,11-04-2023
423,Theo,Silva,M,56,theo.silva424@yahoo.com.br,(94)92270-9825,São Paulo,GO,2022-09-10
424,Ricardo,Correia,M,40,ricardo.correia380@hotmail.com,119999,Joinville,PE,2023-09-13
425,Fernanda,Costa,F,,@gmail.com,(75)99093-3793,Recife,PE,2025-03-03
426,Sofia,Lima,M,vinte,sofia.lima747@outlook.com,(99)99731-5143,Recife,Santa Catarina,2022-04-17
427,Bruno,Martins,F,72,bruno.martins531@yahoo.com.br,abc123,Campinas,GO,10-10-2023
428,Diego,Oliveira,M,74,diego.oliveira232@yahoo.com.br,(53)96092-2029,,SP,2023-11-16
429,Beatriz,Santos,F,48,beatriz.santos842@outlook.com,,Niterói,RJ,2022-05-05
430,Ricardo,Nascimento,M,74,,999999,Recife,BA,2022-07-16
431,Roberto,Costa,M,73,roberto.costa476@yahoo.com.br,(97)91425-8439,Campo Grande,RJ,2022-01-26
432,Lucas,Melo,M,68,lucas.melo263@outlook.com,(42)93255-1722,Campinas,MT,2024-01-03
433,Bianca,Moreira,F,27,bianca.moreira299@outlook.com,(29)91939-4889,Campo Grande,SP,2024-05-14
434,Julia,Ribeiro,M,76,julia.ribeiro684@yahoo.com.br,(53)96499-5909,Feira de Santana,ES,2022-03-28
435,Ana,Ribeiro,F,32,ana.ribeiro245@yahoo.com.br,(59)94363-7558,Uberlândia,São Paulo,2022-06-01
436,Carolina,Santos,M,27,carolina.santos935outlook.com,(39)95292-3855,Florianópolis,RS,2022-02-14
437,Larissa,Santos,M,19,larissa.santos807@gmail.com,(58)97100-3807,Campo Grande,BA,2022-05-14
438,Mateus,Ferreira,F,30,mateus.ferreira440@hotmail.com,(79)95819-3434,Florianópolis,SC,2022-09-16
439,Sofia,Dias,F,31,sofia.dias630@gmail.com,(76)97131-9168,Campo Grande,PR,2024-12-12
440,Henrique,Dias,F,48,henrique.dias810@gmail.com,(41)97486-4581,Londrina,MG,2024-02-06
441,Marcos,Lima,F,66,marcos.lima236@gmail.com,(70)98086-7700,Joinville,BA,2022-02-20
442,Fernanda,Rodrigues,F,-5,fernanda.rodrigues526@gmail.com,(20)96902-1627,Recife,PR,2023-05-28
443,Caio,Monteiro,M,72,teste@,(62)97647-1194,Cuiabá,MG,2024-03-25
444,Enzo,Freitas,F,31,enzo.freitas473@outlook.com,(64)94433-8187,Goiânia,SP.,2025-03-28
445,Laura,Freitas,F,18,laura.freitas430@yahoo.com.br,(79)95909-6342,,MG,2022-11-11
446,Diego,Melo,F,58,@gmail.com,(83)98397-5991,Rio de Janeiro,MG,2022-03-07
447,Helena,Dias,M,19,helena.dias396@outlook.com,(69)91941-7039,,BA,2024-03-11
448,Paulo,Lima,M,52,paulo.lima926@hotmail.com,(96)98778-3601,Vitória,RS,2024-10-26
449,Luiz,Rodrigues,F,0,luiz.rodrigues409@hotmail.com,(69)98580-1640,Rio de Janeiro,GO,2023-12-12
450,Henrique,Almeida,M,43,henrique.almeida184@yahoo.com.br,(83)92565-7447,Campinas,SC,2025-01-06
451,Lucas,Teixeira,M,64,lucas.teixeira422@gmail.com,(52)97719-8388,Uberlândia,GO,31/02/2025
452,Ricardo,Nascimento,M,65,ricardo.nascimento11@outlook.com,(70)98942-8558,Rio de Janeiro,CE,2024-06-15
453,Camila,Pereira,M,28,camila.pereira128@yahoo.com.br,119999,Belo Horizonte,CE,2022-03-12
454,Bianca,Ferreira,M,46,bianca.ferreira316yahoo.com.br,,Salvador,PR,2023-05-04
455,Maria,Martins,F,19,maria.martins697@gmail.com,(96)93750-3736,Campinas,PR,2023-10-23
456,Julia,Correia,F,31,julia.correia124@hotmail.com,(62)96181-1196,Salvador,PE,2023-07-25
457,Gustavo,Souza,F,22,gustavo.souza614@yahoo.com.br,(83)93809-5127,Niterói,CE,2024-03-06
458,Caio,Teixeira,F,26,caio.teixeira683yahoo.com.br,(59)99372-4808,Campo Grande,RS,2022-02-13
459,Paulo,Almeida,M,33,paulo.almeida62@hotmail.com,(37)91621-4900,Vitória,PR,2022-10-02
460,Theo,Moreira,F,20,theo.moreira296@gmail.com,(37)99836-1885,Caxias do Sul,RS,2024-02-21
461,Felipe,Rocha,M,,felipe.rocha54@hotmail.com,(81)94348-4871,Campo Grande,SC,2022-12-03
462,Beatriz,Martins,F,29,beatriz.martins460@hotmail.com,(57)97524-7188,Uberlândia,MS,2024-06-06
463,Patricia,Silva,M,66,patricia.silva944@outlook.com,(43)97233-8596,Londrina,MS,09-11-2024
464,Henrique,Dias,M,,henrique.dias883@outlook.com,(58)97292-9020,Londrina,BA,2022-03-21
465,Paulo,Gomes,M,77,paulo.gomes981@outlook.com,(73)97032-1945,Salvador,RS,2024/09/05
466,Arthur,Teixeira,F,0,arthur.teixeira967@hotmail.com,(31)91202-2912,Rio de Janeiro,BA,2025-04-15
467,Marcos,Barbosa,F,76,marcos.barbosa438@outlook.com,(59)96045-7743,Rio de Janeiro,ES,2023-12-07
468,Camila,Freitas,F,31,camila.freitas7@hotmail.com,,Rio de Janeiro,BA,2023-08-14
469,Rafael,Pereira,M,41,rafael.pereira187@gmail.com,(18)93993-4143,Curitiba,GO,2022-08-12
470,Rafael,Oliveira,M,36,rafael.oliveira351@gmail.com,(23)91155-2000,Curitiba,São Paulo,2022-07-18
471,Ana,Gomes,F,56,ana.gomes485@outlook.com,(54)96164-4925,Joinville,SP,2023-12-31
472,Carlos,Silva,F,47,carlos.silva910hotmail.com,(42)97036-8404,Vitória,MT,2024-04-26
473,Ana,Ribeiro,F,,ana.ribeiro369@gmail.com,(40)98938-7556,Vitória,GO,2022-07-25
474,Isabela,Correia,M,30,isabela.correia816@gmail.com,(70)93753-8311,Niterói,RS,2023-03-10
475,Davi,Teixeira,M,23,davi.teixeira952@outlook.com,(43)98803-3016,Belo Horizonte,GO,2022-07-05
476,Diego,Costa,M,77,diego.costa387@yahoo.com.br,(66)94823-4662,Curitiba,RJ,2023-11-28
477,Julia,Freitas,F,78,julia.freitas321@yahoo.com.br,,Campinas,BA,2024-05-17
478,Gustavo,Monteiro,M,77,gustavo.monteiro10@yahoo.com.br,(39)99189-8467,Belo Horizonte,PE,2022-03-12
479,Laura,Barbosa,F,62,laura.barbosa221@yahoo.com.br,119999,Belo Horizonte,CE,2023-04-06
480,Pedro,Moreira,F,29,pedro.moreira835@hotmail.com,(97)98756-6706,Salvador,SC,2023-08-02
481,Julia,Teixeira,M,72,julia.teixeira771@gmail.com,(31)93253-8239,Cuiabá,RS,2023-02-05
482,Ana,Carvalho,M,64,ana.carvalho880@hotmail.com,(32)91922-2573,Joinville,SP,2022-08-29
483,Theo,Nascimento,M,55,theo,(87)93826-7150,Rio de Janeiro,PE,2024-02-22
484,Theo,Rocha,M,-5,,(99)92549-3967,Salvador,BA,2023-09-04
485,Carlos,Nascimento,M,22,carlos.nascimento718@gmail.com,(78)99004-2047,Campo Grande,ES,2022-09-12
486,Amanda,Monteiro,M,,amanda.monteiro458@outlook.com,(31)92438-5206,Campinas,SC,2024-01-15
487,Rafael,Martins,M,80,rafael.martins48@outlook.com,(99)96127-9563,Joinville,CE,2022-07-22
488,João,Costa,F,20,joão.costa221@hotmail.com,(27)97914-2218,Recife,MG,2024-03-30
489,Larissa,Monteiro,M,45,larissa.monteiro73@outlook.com,(58)99379-3687,Feira de Santana,ES,2024-06-07
490,Helena,Costa,M,22,helena.costa417@gmail.com,(45)93397-4698,,RS,2024-02-15
491,Paulo,Pereira,F,51,paulo.pereira827@yahoo.com.br,(47)95440-2623,Campinas,BA,2023-01-06
492,Nicolas,Monteiro,F,79,,(29)97206-5380,Campinas,PR,2023-05-26
493,Roberto,Teixeira,F,47,roberto.teixeira515@outlook.com,(40)96000-2424,Londrina,RJ,06-12-2022
494,Marcos,Pereira,F,vinte,marcos.pereira11@yahoo.com.br,(74)99437-9722,Niterói,CE,2022-01-15
495,Samuel,Araujo,M,65,samuel.araujo988@hotmail.com,(39)93864-2230,Joinville,SP,2024-05-15
496,Rafael,Carvalho,M,80,rafael.carvalho872@gmail.com,(11)97449-4562,Londrina,MT,2022-03-14
497,Miguel,Dias,F,21,miguel,,Cuiabá,MG,2024-04-21
498,Vanessa,Silva,F,27,vanessa.silva405@outlook.com,(45)92780-8185,Goiânia,BA,2022-01-12
499,Henrique,Ferreira,M,25,henrique.ferreira432@outlook.com,(72)95354-2946,Feira de Santana,PE,2022-09-18
500,Murilo,Moreira,F,74,murilo.moreira981@gmail.com,(12)94874-1852,Florianópolis,SP,2024-06-08
501,Isabela,Dias,M,23,isabela.dias747@hotmail.com,(42)98031-4250,Cuiabá,CE,2024-10-25
502,Julia,Melo,M,58,julia.melo411@gmail.com,(13)94270-2489,Campinas,CE,2023-04-19
503,Daniel,Dias,M,21,daniel.dias276@outlook.com,(51)91779-3977,,PR,2023-03-11
504,Camila,Correia,F,24,camila.correia373@outlook.com,abc123,Florianópolis,CE,2024-12-19
505,Beatriz,Ribeiro,F,35,beatriz.ribeiro109@hotmail.com,abc123,Porto Alegre,RJ,2025-01-24
506,Laura,Freitas,M,48,laura.freitas158@gmail.com,(82)96690-6996,Goiânia,BA,2022-05-19
507,Aline,Barbosa,M,vinte,aline.barbosa979@gmail.com,(61)99110-9723,Campo Grande,ES,2024-11-09
508,Caio,Gomes,M,43,caio.gomes164@hotmail.com,,Campo Grande,MT,2023-06-15
509,Fernanda,Almeida,M,63,fernanda.almeida47@hotmail.com,(46)93178-5430,Campinas,RS,2024-12-30
510,Theo,Carvalho,F,58,theo.carvalho970@outlook.com,(52)91938-1170,Joinville,MG,2023-06-09
511,Bianca,Monteiro,M,80,bianca.monteiro705@yahoo.com.br,(88)94377-8244,Caxias do Sul,PE,2024-03-20
512,Fernanda,Freitas,M,64,fernanda.freitas96@yahoo.com.br,(35)99036-3955,,MG,2024-03-18
513,Julia,Oliveira,F,0,julia.oliveira994@yahoo.com.br,(12)92633-7191,,ES,2022-03-31
514,Caio,Oliveira,M,35,caio.oliveira10@gmail.com,(21)94314-3281,Cuiabá,MG,2023-09-22
515,Gabriel,Costa,F,21,gabriel.costa127@gmail.com,(76)97804-3323,São Paulo,Santa Catarina,2024-02-29
516,Theo,Almeida,F,32,theo.almeida733@gmail.com,(47)96854-2249,Vitória,RJ,2022-03-30
517,Felipe,Martins,M,51,felipe.martins154@outlook.com,(45)99179-7047,Curitiba,RJ,2022-01-05
518,Gabriel,Moreira,M,59,gabriel.moreira739@yahoo.com.br,(46)93370-2481,Florianópolis,BA,2023-12-24
519,Daniel,Dias,F,62,daniel.dias967@hotmail.com,(74)99724-9785,Caxias do Sul,BA,2024-12-15
520,Samuel,Freitas,M,32,samuel.freitas209@gmail.com,(25)91976-6723,Joinville,MG,2023-08-27
521,Carolina,Martins,M,33,carolina.martins142@gmail.com,(14)97958-7089,Campinas,RJ,2024-09-03
522,Rafael,Silva,M,27,rafael.silva13@yahoo.com.br,(78)95907-8703,Feira de Santana,PE,2022-01-28
523,Gabriel,Souza,M,74,gabriel.souza12@yahoo.com.br,(81)95227-9222,Londrina,MG,2023-07-11
524,Aline,Gomes,M,80,aline.gomes58@hotmail.com,(88)92264-8674,Cuiabá,BA,2022/12/04
525,Theo,Martins,M,30,teste@,(38)91179-6064,Porto Alegre,SP,2023-05-08
526,Tatiane,Melo,F,,tatiane.melo323@gmail.com,,Joinville,MT,2023-02-04
527,Fernando,Freitas,M,40,fernando.freitas919@gmail.com,,Cuiabá,SC,2022-11-27
528,Luiz,Oliveira,M,74,luiz.oliveira827@hotmail.com,(77)99573-6593,Goiânia,PR,31/02/2025
529,Beatriz,Ferreira,M,57,beatriz.ferreira510@gmail.com,(81)92428-9174,Niterói,SC,99/99/9999
530,Gustavo,Carvalho,F,,gustavo.carvalho263@yahoo.com.br,(83)98999-1648,Joinville,MS,2022-09-22
531,Renata,Correia,M,78,renata.correia519@yahoo.com.br,(90)91934-5011,,SC,2024-02-09
532,Fernando,Oliveira,F,32,fernando.oliveira358@yahoo.com.br,(24)92406-3953,Niterói,ES,2024-06-06
533,Diego,Oliveira,F,38,diego.oliveira760@yahoo.com.br,(71)93384-4497,Florianópolis,ES,2024/02/18
534,Daniel,Dias,F,-5,daniel.dias651@hotmail.com,(49)98396-7876,Campo Grande,MG,2022-04-21
535,Daniel,Nascimento,M,79,daniel.nascimento965@yahoo.com.br,(66)96811-7375,São Paulo,RS,2022-06-09
536,Sofia,Correia,F,,sofia.correia919@yahoo.com.br,(97)97658-5305,Campo Grande,MG,2024-07-09
537,Sofia,Santos,M,20,sofia.santos560@hotmail.com,(35)91235-7066,,MT,2022-09-13
538,Theo,Rocha,F,44,theo.rocha437@outlook.com,(33)93664-9892,Feira de Santana,CE,2024-06-14
539,Samuel,Correia,M,78,samuel.correia826@gmail.com,,Feira de Santana,MS,2025-01-20
540,Eduardo,Barbosa,F,55,eduardo.barbosa217@hotmail.com,(71)93038-6744,Goiânia,CE,2024/03/21
541,Fernanda,Barbosa,F,36,fernanda.barbosa925@yahoo.com.br,,,Rs,2024-11-28
542,Helena,Nascimento,F,39,helena.nascimento997@yahoo.com.br,(84)98030-3111,Salvador,PR,2024-11-25
543,Fernanda,Santos,M,63,fernanda.santos804@yahoo.com.br,(81)93605-6282,Porto Alegre,São Paulo,99/99/9999
544,Marcos,Melo,F,0,marcos.melo797@outlook.com,(35)99772-5018,Salvador,SC,2022-06-19
545,Arthur,Silva,M,58,arthur.silva950@gmail.com,(22)92267-9097,Joinville,RJ,2024-10-02
546,Roberto,Oliveira,M,49,roberto.oliveira430@yahoo.com.br,(31)93945-5894,São Paulo,PE,2022-03-06
547,Diego,Carvalho,M,48,diego.carvalho760@outlook.com,999999,Campo Grande,PR,2022-08-24
548,Maria,Nascimento,M,26,maria.nascimento494@hotmail.com,(48)98652-9123,Feira de Santana,RS,2023-05-28
549,Bernardo,Teixeira,M,35,bernardo.teixeira785@outlook.com,(66)98309-7942,Vitória,MS,2022-08-09
550,Daniel,Ferreira,M,54,daniel.ferreira911@gmail.com,(88)99691-6771,,PR,2024-05-29
551,Vinicius,Costa,F,22,vinicius.costa799@outlook.com,119999,Porto Alegre,RS,2025/02/24
552,Helena,Ferreira,F,51,helena.ferreira969@gmail.com,(66)96206-6244,Porto Alegre,GO,2022-04-06
553,Roberto,Santos,F,25,roberto.santos243@gmail.com,(11)98565-5659,Belo Horizonte,MT,16/12/2024
554,Lucas,Dias,F,24,lucas.dias282@outlook.com,(51)99090-1771,Salvador,GO,2022-09-06
555,Miguel,Santos,M,19,miguel.santos331@yahoo.com.br,(58)99807-1080,Campinas,RJ,2022-04-09
556,Lucas,Rodrigues,F,39,lucas.rodrigues175@hotmail.com,(29)97771-8320,Niterói,GO,2024-09-30
557,Bruno,Moreira,M,64,bruno.moreira304@gmail.com,(93)94373-2278,Rio de Janeiro,São Paulo,2023-03-19
558,Ricardo,Ferreira,M,49,ricardo.ferreira780@outlook.com,(30)99265-2731,Belo Horizonte,GO,2024-11-17
559,Fernando,Ferreira,M,22,fernando.ferreira975@gmail.com,(41)91271-8550,Uberlândia,MT,2024-07-16
560,Paulo,Araujo,M,23,paulo.araujo515@yahoo.com.br,(23)91805-7267,Feira de Santana,MG,2023-07-20
561,Vanessa,Barbosa,M,45,vanessa.barbosa982@gmail.com,119999,Caxias do Sul,RS,2024-04-08
562,Carlos,Costa,F,64,carlos.costa176@hotmail.com,(11)92544-4032,Campo Grande,CE,2023-09-18
563,Samuel,Costa,M,28,samuel.costa341@yahoo.com.br,,Cuiabá,Minas,2022-06-07
564,Murilo,Silva,F,56,murilo.silva501@hotmail.com,,São Paulo,RS,2024-12-11
565,Murilo,Lima,F,67,murilo.lima344@yahoo.com.br,(95)98970-5153,Joinville,SC,2023-11-15
566,Caio,Monteiro,F,72,caio.monteiro703@gmail.com,(29)96852-9156,São Paulo,BA,2024-01-07
567,Marcos,Ferreira,M,76,marcos.ferreira899@yahoo.com.br,(97)96715-6426,Salvador,SC,2023-09-26
568,Sofia,Barbosa,M,62,sofia.barbosa466@outlook.com,(98)93410-8640,Belo Horizonte,MT,2022-11-30
569,Isabela,Oliveira,F,,teste@,,Joinville,Minas,2022-10-10
570,Isabela,Barbosa,M,60,isabela.barbosa731@outlook.com,(21)95764-4585,Campinas,ES,2024-03-02
571,Carlos,Rodrigues,F,76,carlos.rodrigues447@outlook.com,(43)93223-7820,Recife,SC,2025-03-06
572,Luiz,Araujo,F,29,luiz.araujo540@yahoo.com.br,(56)98673-6803,Feira de Santana,GO,2022-02-26
573,Maria,Moreira,M,44,maria.moreira310@hotmail.com,(83)95806-1877,Salvador,GO,2024-11-26
574,Pedro,Oliveira,M,21,pedro.oliveira100@outlook.com,(26)99369-1868,Porto Alegre,GO,2022-10-07
575,Bernardo,Ribeiro,F,72,bernardo.ribeiro960@gmail.com,(19)91000-3507,Vitória,RS,2023-02-23
576,Maria,Barbosa,M,46,maria.barbosa496@hotmail.com,(89)98194-3018,Feira de Santana,SP.,2023-05-08
577,Nicolas,Teixeira,F,52,nicolas.teixeira684@gmail.com,(61)97321-2758,Goiânia,SP,2023-08-04
578,Tatiane,Gomes,M,18,teste@,(69)95536-1149,Uberlândia,MT,2023-03-08
579,Henrique,Barbosa,M,42,henrique.barbosa361@outlook.com,(95)95963-7454,Rio de Janeiro,BA,2024-08-24
580,Felipe,Melo,F,63,felipe.melo332@outlook.com,999999,Uberlândia,GO,2024-09-02
581,Fernanda,Moreira,M,69,fernanda.moreira902@hotmail.com,(19)92014-5103,,GO,2024-02-06
582,Maria,Pereira,F,38,maria.pereira653@hotmail.com,(39)94296-3655,Feira de Santana,RS,2022-06-26
583,Arthur,Monteiro,M,24,arthur.monteiro369@yahoo.com.br,(98)99653-9129,Porto Alegre,GO,2024-10-22
584,Miguel,Araujo,M,72,miguel.araujo641@yahoo.com.br,(77)95886-2653,Niterói,Rs,2022-02-16
585,Isabela,Rodrigues,M,42,,(89)99192-6115,Salvador,RJ,2025-04-08
586,Larissa,Ribeiro,F,,larissa.ribeiro910@gmail.com,(95)92021-4860,Cuiabá,MS,2022-03-14
587,Lucas,Martins,M,56,lucas.martins491@hotmail.com,,Campinas,PR,2024-06-02
588,Fernanda,Silva,F,0,fernanda.silva756@gmail.com,(27)98040-7993,Recife,MS,2024-01-24
589,Diego,Martins,M,0,diego.martins233@yahoo.com.br,(83)91750-1244,Caxias do Sul,SP.,2024-06-17
590,João,Nascimento,M,40,joão.nascimento133@yahoo.com.br,119999,Recife,PR,2023-03-28
591,Laura,Carvalho,M,67,laura.carvalho274@outlook.com,,Vitória,SP.,2024-12-02
592,Nicolas,Araujo,M,,nicolas.araujo241@yahoo.com.br,(74)91553-5428,Curitiba,RJ,2022-05-03
593,Miguel,Gomes,F,,miguel.gomes230@hotmail.com,(95)95999-1512,Recife,MS,2023-11-20
594,Larissa,Moreira,M,55,larissa.moreira850@yahoo.com.br,(18)92789-7358,Londrina,GO,2024-05-18
595,Tatiane,Moreira,F,51,tatiane.moreira947@hotmail.com,,Curitiba,MT,2023-08-29
596,Fernando,Souza,F,57,fernando.souza802@gmail.com,(44)93929-8271,,São Paulo,2024-01-05
597,Carolina,Ferreira,F,-5,carolina.ferreira565@outlook.com,(46)95252-9108,Belo Horizonte,MS,2022-04-12
598,Theo,Souza,F,29,teste@,119999,Recife,PR,31/02/2025
599,Paulo,Barbosa,F,22,@gmail.com,(52)96902-6488,Feira de Santana,SC,2022-03-05
600,João,Almeida,M,77,joão.almeida217@outlook.com,(85)96636-4520,Salvador,SP.,2024-02-20
601,Theo,Oliveira,F,0,theo.oliveira125@gmail.com,(51)95410-4195,Fortaleza,RS,2024-01-12
602,Bruno,Freitas,M,80,bruno.freitas981@yahoo.com.br,(57)98932-4774,Goiânia,MG,2025-01-06
603,Roberto,Monteiro,F,55,roberto.monteiro350@outlook.com,(29)99096-4245,Uberlândia,Sao Paulo,2024-05-07
604,Carolina,Teixeira,M,77,carolina,(78)97358-7919,Joinville,RS,2023-08-24
605,Diego,Melo,M,56,diego.melo943@outlook.com,(66)95739-8816,Belo Horizonte,MS,2024-11-09
606,Ana,Melo,F,55,ana.melo450@hotmail.com,(23)94805-5871,Cuiabá,MT,2025-04-02
607,Daniel,Almeida,M,38,daniel.almeida43@hotmail.com,(51)92629-6690,Londrina,GO,2024-06-17
608,Rafael,Almeida,M,78,rafael.almeida683@outlook.com,(32)91448-1651,Recife,GO,2022-02-22
609,Isabela,Melo,M,45,isabela.melo303@gmail.com,(66)99081-5309,Rio de Janeiro,CE,2022-08-27
610,Marcos,Freitas,M,68,marcos.freitas520@outlook.com,(20)96157-1628,Feira de Santana,MT,2023-10-13
611,Carolina,Monteiro,M,71,carolina.monteiro643@gmail.com,(39)94205-5346,Cuiabá,CE,2024-10-14
612,Julia,Ribeiro,M,,julia.ribeiro69@yahoo.com.br,(64)95310-7230,Fortaleza,MT,2023-01-04
613,Fernanda,Almeida,F,60,fernanda.almeida557@yahoo.com.br,(47)97874-8326,Florianópolis,MG,2024-08-09
614,Davi,Santos,M,40,davi.santos496@yahoo.com.br,119999,Campo Grande,BA,2022-05-05
615,Bruno,Rodrigues,F,61,bruno.rodrigues436@yahoo.com.br,(39)96567-1747,Londrina,MG,2025-01-02
616,Arthur,Santos,F,78,arthur.santos553@gmail.com,,Salvador,PR,06/02/2025
617,Aline,Ferreira,M,41,aline.ferreira406@hotmail.com,(63)94532-5074,,Sao Paulo,2024-10-24
618,Vanessa,Souza,M,28,vanessa.souza791hotmail.com,(62)93149-5423,Rio de Janeiro,CE,99/99/9999
619,Helena,Lima,F,24,helena.lima621@outlook.com,(49)95490-8518,Porto Alegre,MS,2024-08-23
620,Daniel,Oliveira,F,32,daniel.oliveira930@hotmail.com,(58)99955-2774,Goiânia,BA,2023-04-21
621,Patricia,Melo,F,24,patricia.melo646@gmail.com,(73)95095-2374,Belo Horizonte,MT,2025-03-06
622,Pedro,Moreira,F,49,,(45)94427-9007,Recife,RS,2023-10-22
623,Patricia,Barbosa,M,53,patricia.barbosa436@gmail.com,(26)93722-4233,Goiânia,BA,2024-10-11
624,Aline,Dias,F,26,aline.dias304@gmail.com,(97)95441-9560,Florianópolis,PE,2022-12-06
625,Aline,Monteiro,F,31,aline.monteiro258@yahoo.com.br,(28)93690-9591,,MG,21/08/2024
626,Laura,Teixeira,M,30,@gmail.com,abc123,Joinville,SC,2023-08-06
627,Daniel,Melo,F,64,daniel,(33)95307-2676,Belo Horizonte,ES,2024-02-24
628,Caio,Melo,F,56,caio.melo3@hotmail.com,(29)93348-3700,Cuiabá,SP,2022-10-08
629,Eduardo,Martins,F,60,eduardo.martins121@hotmail.com,(71)96816-6107,Campo Grande,Rio,2022-12-07
630,Camila,Teixeira,F,27,camila.teixeira808@outlook.com,(55)93916-1414,Joinville,PR,2024-05-18
631,Carolina,Ferreira,M,42,teste@,(43)99237-1212,Vitória,PE,2024-09-07
632,Samuel,Teixeira,M,34,samuel.teixeira844@gmail.com,(91)98446-9033,Uberlândia,ES,2025-01-22
633,João,Carvalho,M,19,joão.carvalho182@hotmail.com,(67)92021-6148,Niterói,RS,2022-02-04
634,Bernardo,Nascimento,F,75,bernardo.nascimento964@yahoo.com.br,abc123,Campo Grande,MG,99/99/9999
635,Julia,Teixeira,M,50,julia.teixeira575@outlook.com,(22)98585-2444,Niterói,RJ,2023-01-16
636,Arthur,Silva,M,67,arthur.silva384@yahoo.com.br,(98)94130-3174,Londrina,MG,2023-07-26
637,Bruno,Martins,F,32,bruno.martins182@outlook.com,(56)96957-6715,Campo Grande,MG,2022-03-17
638,Sofia,Gomes,M,27,sofia.gomes445@outlook.com,(54)99253-5406,Rio de Janeiro,RS,2024-08-15
639,Paulo,Barbosa,F,60,paulo.barbosa601@outlook.com,(15)96281-2713,Joinville,Santa Catarina,2024-08-31
640,Theo,Santos,F,29,theo.santos560@hotmail.com,(86)98126-7542,Cuiabá,PR,2023-11-23
641,Fernando,Almeida,M,20,fernando.almeida923@gmail.com,(62)91467-3687,Campo Grande,MS,2024-12-09
642,Tatiane,Moreira,F,26,tatiane.moreira56@gmail.com,(69)97487-3708,,MG,2023-09-10
643,Felipe,Costa,M,72,felipe,(98)97456-4481,Cuiabá,CE,2023-05-13
644,Carlos,Gomes,M,26,carlos.gomes335@outlook.com,(61)99750-2174,Joinville,MS,2022-02-25
645,Helena,Pereira,F,67,helena.pereira843@gmail.com,(93)94769-3262,Cuiabá,BA,2022-07-10
646,Theo,Pereira,F,45,@gmail.com,(77)92743-8617,Rio de Janeiro,PE,2024-04-08
647,Ana,Pereira,F,38,ana.pereira12@yahoo.com.br,(17)95963-7962,Curitiba,ES,2024-07-11
648,Caio,Dias,F,63,caio.dias184@yahoo.com.br,(30)91113-6523,Fortaleza,MS,2024-07-20
649,Luiz,Almeida,F,20,luiz.almeida52@outlook.com,(14)99892-5378,Uberlândia,GO,2023-10-27
650,João,Correia,M,25,joão.correia406@hotmail.com,(29)99084-8063,Curitiba,MS,2023-05-15
651,Enzo,Barbosa,M,54,enzo.barbosa40@hotmail.com,(23)97257-9398,Rio de Janeiro,SC,2024-05-15
652,Felipe,Freitas,M,34,felipe.freitas444@gmail.com,(89)99422-9833,Caxias do Sul,Paraná,2023-03-17
653,Daniel,Rodrigues,M,65,daniel.rodrigues688@gmail.com,(45)91082-7671,,MG,2023-07-17
654,Helena,Ribeiro,M,,teste@,(69)97893-6386,Recife,SP,2023-12-04
655,Vinicius,Rocha,F,27,vinicius.rocha715@hotmail.com,999999,Cuiabá,RS,2024-12-20
656,Isabela,Moreira,F,,isabela.moreira640@hotmail.com,(13)95651-9040,Caxias do Sul,BA,2022-09-10
657,Amanda,Ferreira,M,25,amanda.ferreira786@yahoo.com.br,(87)95569-6233,Joinville,PE,2023-10-13
658,Bianca,Gomes,F,32,bianca.gomes294@yahoo.com.br,(11)99727-6473,Goiânia,RJ,2024-02-25
659,Roberto,Martins,M,44,roberto.martins142@gmail.com,(52)95095-3727,Fortaleza,PR,2022-02-16
660,Theo,Gomes,M,53,theo.gomes166@yahoo.com.br,(36)96287-3173,Londrina,Paraná,2024-07-29
661,Helena,Rocha,F,33,helena.rocha114@outlook.com,(19)91112-1529,Feira de Santana,BA,2022-05-25
662,Larissa,Teixeira,M,52,larissa.teixeira848@gmail.com,(16)96953-7544,Campo Grande,ES,2022-09-12
663,Larissa,Moreira,M,70,larissa.moreira376@yahoo.com.br,(72)94442-5333,Niterói,GO,2024-10-03
664,Murilo,Rodrigues,F,39,murilo.rodrigues462@outlook.com,(29)99548-5725,São Paulo,PR,2023-08-20
665,Henrique,Pereira,F,54,henrique.pereira690@outlook.com,(88)95789-7295,Curitiba,Rio,2025-04-09
666,Sofia,Silva,F,34,sofia.silva922@hotmail.com,(75)96149-9574,Joinville,PE,2022-12-13
667,Patricia,Pereira,M,48,patricia.pereira67@outlook.com,(88)92959-4226,Joinville,PE,2022-01-25
668,Aline,Costa,M,65,aline.costa102@outlook.com,(79)92301-1917,Goiânia,SC,2023-01-10
669,Theo,Costa,F,32,theo.costa624@outlook.com,(19)93171-9561,Londrina,MS,2025-04-05
670,Carlos,Araujo,F,74,carlos.araujo75@hotmail.com,(23)99886-4522,Vitória,MS,2024-05-30
671,Paulo,Freitas,M,74,paulo.freitas651@yahoo.com.br,(45)99070-3892,Florianópolis,PE,2023-09-06
672,Bianca,Costa,F,39,bianca.costa115@hotmail.com,(71)99122-3672,Uberlândia,SC,2022-07-13
673,Eduardo,Nascimento,M,58,eduardo.nascimento112@hotmail.com,(78)98731-2686,Londrina,PE,2022-11-13
674,Julia,Moreira,M,43,julia.moreira161@outlook.com,(64)95413-4747,Curitiba,SC,2024-01-30
675,Diego,Freitas,F,40,diego.freitas436@yahoo.com.br,,Salvador,PE,2022-10-14
676,Caio,Rodrigues,M,19,caio.rodrigues734@outlook.com,(59)96336-4267,Porto Alegre,SC,08-07-2022
677,Bruno,Freitas,F,48,bruno.freitas970@gmail.com,(73)95093-5589,Vitória,São Paulo,2023-12-03
678,Gustavo,Rocha,F,77,gustavo.rocha768@gmail.com,(30)93464-5896,Fortaleza,RS,2023-11-03
679,Murilo,Monteiro,F,34,murilo.monteiro144@gmail.com,(57)98304-4519,Uberlândia,PR,2023-11-14
680,Henrique,Rodrigues,M,34,henrique.rodrigues658@yahoo.com.br,(78)91987-9392,,SP,2024-10-29
681,Bruno,Araujo,F,49,bruno.araujo753@gmail.com,(79)93592-9413,Rio de Janeiro,PE,2023-01-26
682,Caio,Monteiro,F,45,caio.monteiro902@hotmail.com,(54)98439-9646,Feira de Santana,SC,2022-01-14
683,Ricardo,Silva,F,18,ricardo.silva877@hotmail.com,(94)94282-6810,Fortaleza,RS,2023-09-24
684,Maria,Araujo,M,56,maria.araujo554@outlook.com,(40)94421-4304,Londrina,RS,2023-03-21
685,Maria,Lima,F,74,maria,(62)94254-4369,Salvador,MG,2024-11-03
686,Enzo,Barbosa,M,25,enzo.barbosa501@outlook.com,(22)99305-6895,Cuiabá,GO,31/02/2025
687,Fernando,Santos,F,40,fernando.santos445@outlook.com,(60)98722-1259,Curitiba,SP,2022-10-16
688,Felipe,Melo,M,18,felipe,(58)97797-3580,Feira de Santana,MG,2023-01-07
689,Paulo,Pereira,F,19,paulo.pereira383@outlook.com,,São Paulo,SP,2022-10-23
690,João,Araujo,M,42,joão.araujo16@outlook.com,(25)98793-8609,Feira de Santana,MG,2022-01-02
691,Patricia,Rodrigues,F,26,patricia.rodrigues685@gmail.com,(36)93061-4593,Campo Grande,RS,2022-06-18
692,Henrique,Gomes,M,36,henrique.gomes257@hotmail.com,(70)99518-9468,Fortaleza,MG,2023-11-03
693,Davi,Lima,M,55,davi.lima819@yahoo.com.br,(12)93342-1558,Caxias do Sul,MS,2024-09-11
694,Vinicius,Ferreira,F,58,vinicius.ferreira220@yahoo.com.br,(46)99429-6527,Florianópolis,PR,2024-09-25
695,Luiz,Monteiro,F,24,luiz.monteiro270@gmail.com,abc123,Niterói,RJ,2022-09-04
696,Isabela,Lima,F,73,isabela.lima963@gmail.com,(76)94192-3321,Caxias do Sul,CE,2023-12-26
697,Caio,Lima,M,54,caio.lima372@hotmail.com,(31)92640-3713,Vitória,CE,2022-11-08
698,Miguel,Martins,M,72,miguel.martins972@yahoo.com.br,(71)98667-6274,Belo Horizonte,RJ,2023-05-30
699,Davi,Almeida,M,31,davi.almeida421@hotmail.com,(42)97410-3612,Feira de Santana,PR,2022-05-25
700,Camila,Lima,M,75,camila.lima146@outlook.com,,Niterói,ES,2024-08-22
701,Eduardo,Almeida,F,70,eduardo.almeida902@outlook.com,119999,Niterói,MG,2024-09-24
702,Fernanda,Barbosa,F,24,fernanda.barbosa871@yahoo.com.br,(92)92723-5590,Curitiba,PR,2024-05-09
703,Larissa,Carvalho,M,,larissa.carvalho227@yahoo.com.br,(73)97157-9502,,ES,2022-07-21
704,Paulo,Moreira,F,33,paulo.moreira736@gmail.com,(84)99564-1610,Salvador,ES,2024-06-03
705,Maria,Ferreira,F,54,maria.ferreira943@yahoo.com.br,(43)96875-6636,Joinville,GO,2022-04-08
706,Samuel,Ribeiro,M,34,samuel.ribeiro790@outlook.com,(33)99189-2456,Florianópolis,ES,2023-04-12
707,Laura,Santos,F,76,laura.santos510@hotmail.com,(73)96744-6521,Goiânia,MG,10-24-2023
708,Sofia,Almeida,F,76,sofia.almeida552@hotmail.com,(22)97629-5315,Belo Horizonte,BA,2022-09-30
709,Carlos,Freitas,F,70,carlos.freitas995@gmail.com,(42)99978-3539,,CE,2023-03-25
710,Fernanda,Rocha,M,,fernanda.rocha250@gmail.com,(82)94149-7755,Uberlândia,PE,2025-03-24
711,Ricardo,Freitas,F,34,ricardo.freitas270@yahoo.com.br,(51)99853-6850,Rio de Janeiro,CE,2023-05-21
712,Sofia,Lima,F,24,sofia.lima108@hotmail.com,(81)94669-8623,Curitiba,Paraná,2024-10-15
713,Lucas,Pereira,M,19,teste@,(83)95128-1451,Vitória,MG,2024-03-22
714,Eduardo,Almeida,F,52,eduardo.almeida584@yahoo.com.br,(51)91111-1867,Joinville,RJ,2022-05-11
715,Enzo,Pereira,M,64,enzo.pereira31@yahoo.com.br,(62)97347-7677,Salvador,PR,2023-01-10
716,Vinicius,Pereira,F,63,vinicius.pereira189@outlook.com,(92)92336-6565,Goiânia,SP,2022-05-05
717,Pedro,Monteiro,M,41,@gmail.com,(83)97141-2136,Uberlândia,MG,2025-01-01
718,Vinicius,Santos,M,73,vinicius.santos588@hotmail.com,(33)99312-3438,,Sao Paulo,2023-10-01
719,Carlos,Carvalho,M,61,carlos.carvalho510@hotmail.com,(69)99978-7370,Goiânia,RJ,2023-11-24
720,Gabriel,Costa,M,79,@gmail.com,(86)92618-9517,Rio de Janeiro,MT,2025-02-27
721,Bianca,Barbosa,M,43,bianca.barbosa139@yahoo.com.br,(62)98129-7177,Rio de Janeiro,PR,2025-02-23
722,Ricardo,Almeida,F,49,ricardo.almeida716@gmail.com,,Rio de Janeiro,MS,2025-01-16
723,Bruno,Freitas,M,21,bruno.freitas395@hotmail.com,(98)98107-9329,Campo Grande,PE,2022-04-02
724,Carlos,Rocha,M,78,carlos.rocha75@hotmail.com,(16)97250-4375,Niterói,Rio,2023-11-09
725,Ricardo,Costa,F,,ricardo.costa146@hotmail.com,(98)96074-4356,Curitiba,Santa Catarina,2024-02-12
726,Julia,Moreira,M,49,julia.moreira405@gmail.com,(39)92155-2874,Niterói,RJ,2023-01-11
727,Rafael,Freitas,F,34,rafael.freitas294@outlook.com,(61)94311-2417,Recife,MT,2022-03-15
728,Carlos,Santos,M,,carlos.santos711@gmail.com,(29)98242-1672,Campo Grande,RS,14/10/2023
729,Gabriel,Nascimento,M,73,gabriel.nascimento206@gmail.com,(19)94690-4014,Porto Alegre,SP,06-21-2024
730,Helena,Barbosa,M,36,helena.barbosa326@gmail.com,(13)93783-6270,,PE,24/04/2023
731,Tatiane,Souza,M,70,tatiane.souza781@gmail.com,(71)97325-5627,Vitória,RS,2024-10-01
732,Vinicius,Ribeiro,M,47,vinicius.ribeiro901@outlook.com,(60)95214-3626,Joinville,SC,31/02/2025
733,Henrique,Araujo,F,72,henrique.araujo642@outlook.com,(69)98410-8272,Salvador,PE,2024-03-27
734,Aline,Ferreira,M,33,aline.ferreira971@outlook.com,(63)97140-6028,Porto Alegre,MT,2024-07-15
735,Caio,Correia,F,0,caio.correia161@yahoo.com.br,(14)94382-7323,Fortaleza,CE,2025-02-27
736,Theo,Gomes,M,54,theo.gomes325@yahoo.com.br,(73)96180-9693,Campinas,RJ,13/02/2022
737,Diego,Oliveira,F,38,diego.oliveira155@hotmail.com,(51)98317-8783,Florianópolis,RJ,2025-02-24
738,Gabriel,Pereira,F,44,gabriel.pereira566@yahoo.com.br,(42)92857-3402,Goiânia,Santa Catarina,2024-08-26
739,Rafael,Moreira,F,19,rafael.moreira599@hotmail.com,,Cuiabá,PR,2022-06-24
740,Lucas,Pereira,F,26,lucas.pereira114@hotmail.com,(21)96811-9105,São Paulo,MG,2024-01-18
741,Julia,Barbosa,M,35,julia,(66)96529-1662,Curitiba,GO,2022-06-14
742,João,Lima,M,73,joão.lima20@outlook.com,(15)95428-7146,Florianópolis,ES,2024-05-19
743,Diego,Lima,F,78,diego.lima501@outlook.com,(21)96220-9336,,ES,2022-08-08
744,Felipe,Carvalho,M,22,felipe.carvalho885gmail.com,(90)92153-3559,Fortaleza,GO,2023-11-09
745,Carlos,Correia,M,0,carlos.correia949@gmail.com,(66)94818-4444,Campinas,PE,2024-12-20
746,Julia,Teixeira,M,49,julia.teixeira750@gmail.com,abc123,Curitiba,RS,2022-09-11
747,Lucas,Ferreira,M,29,lucas.ferreira651@outlook.com,(65)95111-6648,Caxias do Sul,PE,2023-05-31
748,Rafael,Oliveira,M,vinte,@gmail.com,,Rio de Janeiro,PR,2022-05-15
749,Enzo,Nascimento,F,46,enzo.nascimento308@yahoo.com.br,(86)93794-1699,Joinville,PR,2024-04-05
750,Luiz,Rocha,F,27,luiz.rocha26@hotmail.com,(30)97544-6991,São Paulo,MG,2022-11-06
751,Felipe,Ferreira,M,,felipe.ferreira203@gmail.com,(81)95549-4731,Porto Alegre,BA,2024-06-10
752,Rafael,Dias,F,80,rafael.dias69@outlook.com,(77)99097-4545,Feira de Santana,PE,2022-11-21
753,Laura,Monteiro,M,57,laura.monteiro543@outlook.com,(27)97054-8758,,RS,2023-03-05
754,Samuel,Costa,F,76,samuel.costa924@yahoo.com.br,(53)94184-3082,Florianópolis,RS,2023-05-01
755,Beatriz,Dias,M,54,beatriz.dias902@gmail.com,(78)99043-8580,Vitória,CE,31/02/2025
756,Caio,Ferreira,M,68,caio.ferreira797@gmail.com,119999,Vitória,SC,2023-10-18
757,Bruno,Correia,M,74,bruno.correia612@gmail.com,(78)99259-5627,Caxias do Sul,SP,2023-09-03
758,Gabriel,Almeida,M,,gabriel.almeida795@hotmail.com,(67)96146-2765,Curitiba,MS,2024-07-17
759,Sofia,Lima,M,38,sofia.lima335@yahoo.com.br,(81)91417-8114,Florianópolis,ES,2022-03-12
760,Bruno,Melo,M,66,bruno.melo731@hotmail.com,(24)99565-3676,Caxias do Sul,PR,2023-11-24
761,Diego,Moreira,M,22,diego.moreira658@yahoo.com.br,(37)98348-3606,Niterói,RS,99/99/9999
762,Maria,Souza,M,59,maria.souza44@hotmail.com,(28)99201-6234,Florianópolis,BA,2022-02-09
763,Isabela,Dias,F,19,isabela.dias42@hotmail.com,(11)96724-2320,Fortaleza,MG,2024-03-24
764,Bianca,Silva,F,76,bianca.silva384@yahoo.com.br,(53)94207-6358,Curitiba,GO,2022-03-01
765,Theo,Monteiro,M,50,theo.monteiro43@yahoo.com.br,(36)95892-4511,Fortaleza,SP,2023-04-16
766,Larissa,Ferreira,M,-5,larissa.ferreira882@outlook.com,(52)98501-7402,Vitória,GO,2025-02-22
767,Davi,Costa,M,22,davi.costa635@gmail.com,(49)98291-7249,Fortaleza,PR,2023-03-17
768,Daniel,Freitas,F,74,daniel.freitas23@outlook.com,(44)98486-4353,Niterói,PE,2022-03-04
769,Patricia,Pereira,M,18,patricia.pereira908@outlook.com,(99)93511-4530,Rio de Janeiro,SP,2024-10-15
770,Luiz,Martins,M,29,luiz.martins983@outlook.com,(45)91399-5455,Porto Alegre,SP,2022-04-01
771,Daniel,Araujo,M,78,daniel.araujo761@gmail.com,(71)99922-3685,Joinville,MT,2025-01-12
772,Nicolas,Ribeiro,F,40,nicolas.ribeiro356@outlook.com,(97)99884-7681,Joinville,SC,2022-10-09
773,Vinicius,Ribeiro,M,47,vinicius.ribeiro352@hotmail.com,(31)93285-4372,Salvador,RJ,2024-10-23
774,Aline,Santos,M,0,aline.santos807@outlook.com,(58)99985-7471,Campo Grande,MS,2023-12-21
775,Samuel,Moreira,F,24,samuel.moreira711@hotmail.com,(24)99113-3365,Rio de Janeiro,ES,2024-04-11
776,Amanda,Araujo,M,,amanda.araujo32@outlook.com,(20)92098-5152,Goiânia,PR,99/99/9999
777,Laura,Nascimento,F,42,laura.nascimento604@yahoo.com.br,(15)99191-6236,,ES,2024-02-25
778,Caio,Santos,F,45,caio.santos702@yahoo.com.br,(22)98780-5131,Recife,CE,2022-07-12
779,Nicolas,Nascimento,F,,nicolas.nascimento318@yahoo.com.br,abc123,Fortaleza,MT,06-29-2024
780,Luiz,Rodrigues,M,62,luiz.rodrigues121@yahoo.com.br,(16)95756-6429,Feira de Santana,RJ,2023-02-12
781,Beatriz,Silva,M,42,beatriz.silva45@outlook.com,(74)94747-8285,Niterói,CE,31/02/2025
782,Gustavo,Teixeira,M,vinte,gustavo.teixeira35@outlook.com,999999,Curitiba,GO,2024-04-01
783,Beatriz,Lima,M,-5,beatriz.lima457@outlook.com,(95)94039-7770,Niterói,MG,2023-09-08
784,Samuel,Gomes,M,18,samuel.gomes682@outlook.com,,Belo Horizonte,GO,2023-03-14
785,Patricia,Dias,M,48,patricia.dias649@gmail.com,(19)98826-9411,Rio de Janeiro,ES,2024-04-26
786,Gustavo,Costa,M,70,gustavo.costa44@outlook.com,,Joinville,RS,2022-09-18
787,Renata,Martins,M,59,renata.martins534@outlook.com,(64)92086-2390,Belo Horizonte,Minas,2024-03-16
788,Theo,Nascimento,F,37,theo.nascimento876@yahoo.com.br,(99)93248-8689,Florianópolis,PR,2024-12-27
789,Arthur,Oliveira,F,34,arthur.oliveira609@hotmail.com,(83)94133-6710,Londrina,PE,2024-04-22
790,Helena,Martins,M,60,helena.martins705@outlook.com,(81)96261-4349,Goiânia,CE,2023-08-20
791,Amanda,Correia,F,68,amanda.correia664@yahoo.com.br,(83)98521-9804,Florianópolis,SC,2022-09-12
792,Carolina,Gomes,F,vinte,carolina.gomes564@outlook.com,(65)99020-2770,Cuiabá,MG,2023-01-06
793,Murilo,Souza,F,20,murilo.souza549@outlook.com,(65)94356-1654,Fortaleza,MS,2023-07-22
794,Beatriz,Costa,F,32,beatriz.costa363@hotmail.com,(39)93815-7279,Porto Alegre,SP.,2022-07-06
795,Miguel,Rodrigues,M,69,miguel.rodrigues417@hotmail.com,(39)95578-2759,São Paulo,MS,2024-03-02
796,Fernanda,Santos,F,72,fernanda.santos757@yahoo.com.br,119999,Porto Alegre,ES,2024-12-09
797,Maria,Dias,F,50,maria.dias382@hotmail.com,(59)93758-7619,Porto Alegre,SC,2023-05-25
798,Fernanda,Gomes,M,56,fernanda.gomes577@hotmail.com,(13)97371-6655,Joinville,CE,2024-07-01
799,Marcos,Martins,F,34,marcos.martins267@yahoo.com.br,(77)99698-4206,Campinas,ES,2023-04-14
800,Rafael,Oliveira,M,57,rafael.oliveira538@outlook.com,(46)94047-4753,Feira de Santana,RS,2022-07-08
801,Tatiane,Ribeiro,M,68,tatiane.ribeiro482@yahoo.com.br,(36)92262-2103,Niterói,MT,2022-09-12
802,Carolina,Moreira,M,41,carolina.moreira192@hotmail.com,(45)99409-1339,Campo Grande,SP.,12-09-2022
803,Mateus,Costa,F,73,mateus.costa286@yahoo.com.br,(42)93655-1692,Rio de Janeiro,SC,2024-08-01
804,Vanessa,Monteiro,F,66,vanessa.monteiro478@outlook.com,(62)95119-9576,Feira de Santana,MG,2022-03-16
805,Helena,Carvalho,F,71,@gmail.com,,Belo Horizonte,ES,2022-10-14
806,Laura,Gomes,M,33,laura.gomes259@yahoo.com.br,(37)98590-3136,Feira de Santana,MG,2022-07-27
807,Pedro,Carvalho,F,47,pedro.carvalho302@outlook.com,,Rio de Janeiro,MT,06/12/2022
808,Gabriel,Freitas,M,,@gmail.com,(55)96350-5668,Joinville,RJ,2024-06-16
809,Daniel,Moreira,M,-5,daniel.moreira387@outlook.com,(45)93358-3329,Porto Alegre,BA,2023/03/28
810,Ana,Lima,M,30,ana.lima846@hotmail.com,(37)91009-2085,Uberlândia,GO,2022-05-16
811,Rafael,Monteiro,F,49,rafael.monteiro351@outlook.com,(82)99977-6416,Florianópolis,CE,2024-12-01
812,Helena,Moreira,M,75,helena.moreira279@outlook.com,(62)91840-5920,Curitiba,RS,2023-03-25
813,Beatriz,Rocha,M,75,beatriz.rocha518@outlook.com,(49)92329-4973,Uberlândia,PE,2022-05-16
814,Pedro,Martins,M,43,pedro.martins32@outlook.com,(73)97493-4506,Salvador,RS,2022-12-04
815,Helena,Nascimento,M,55,helena.nascimento85@gmail.com,(93)93488-1841,São Paulo,Minas,2024-01-22
816,Samuel,Carvalho,M,60,samuel.carvalho318@outlook.com,(16)91003-4149,Uberlândia,GO,2022-08-09
817,Isabela,Correia,F,71,isabela.correia474@outlook.com,(74)94666-5648,Campinas,MG,2024-08-26
818,Vinicius,Barbosa,F,37,vinicius.barbosa953@hotmail.com,(37)94943-8557,Belo Horizonte,São Paulo,2022-08-30
819,Eduardo,Lima,F,27,eduardo.lima705@outlook.com,(26)95956-4436,Cuiabá,BA,2023-01-28
820,Pedro,Souza,F,71,pedro.souza833@yahoo.com.br,(52)98366-3177,Florianópolis,PE,2023-10-07
821,Murilo,Melo,M,73,murilo.melo169@outlook.com,(29)91688-3299,Caxias do Sul,SC,2023-02-19
822,Roberto,Souza,F,vinte,@gmail.com,(36)94458-3421,Florianópolis,CE,2024-10-31
823,Fernando,Barbosa,M,55,fernando.barbosa973@gmail.com,(79)98478-1729,Londrina,PE,2022-05-09
824,Roberto,Rocha,M,76,roberto.rocha855@hotmail.com,(15)94759-5163,Salvador,SP,2023-03-31
825,Eduardo,Costa,M,-5,teste@,(74)94496-9750,Recife,RS,2024-03-07
826,Diego,Pereira,M,52,diego.pereira82@outlook.com,abc123,Curitiba,SC,2024-05-01
827,Daniel,Ferreira,M,64,daniel.ferreira296@outlook.com,(20)93548-2989,São Paulo,Minas,2023-01-02
828,Eduardo,Nascimento,F,25,eduardo.nascimento493@outlook.com,(33)97355-4101,Recife,MS,2022-06-26
829,Rafael,Lima,M,39,@gmail.com,(76)97593-4479,Uberlândia,ES,2025-04-15
830,Lucas,Freitas,F,32,lucas.freitas469@yahoo.com.br,(15)98420-4081,São Paulo,Rs,2023-11-25
831,Ana,Nascimento,M,73,ana.nascimento609@gmail.com,(81)96582-2962,Vitória,PE,2023-10-12
832,Bianca,Martins,M,-5,bianca.martins681@hotmail.com,(46)96569-7750,Rio de Janeiro,GO,2023-09-24
833,Roberto,Silva,F,19,roberto.silva96@hotmail.com,(57)92857-2559,Curitiba,RJ,2023-01-10
834,Sofia,Oliveira,M,vinte,sofia.oliveira563@outlook.com,(62)91667-6110,Feira de Santana,CE,2022-04-17
835,Carlos,Melo,F,,carlos.melo829@outlook.com,(82)95056-2343,Florianópolis,MS,2022-08-01
836,Maria,Dias,M,31,maria.dias981@hotmail.com,,Campo Grande,CE,2023-01-20
837,Beatriz,Souza,F,45,beatriz.souza541@outlook.com,(85)95713-5413,Caxias do Sul,CE,2024-05-10
838,Helena,Dias,F,18,helena.dias765@outlook.com,(85)92965-5076,Belo Horizonte,RS,2022-04-06
839,Bernardo,Gomes,F,26,bernardo.gomes589@gmail.com,(12)97772-2752,Florianópolis,CE,2022-09-10
840,Bruno,Martins,F,42,bruno.martins207@hotmail.com,(95)94977-9026,Cuiabá,SC,2022-01-07
841,Rafael,Souza,M,68,rafael.souza537@outlook.com,(47)95576-3900,Feira de Santana,ES,31/02/2025
842,Vinicius,Almeida,M,59,vinicius.almeida283@yahoo.com.br,(67)93187-1280,Caxias do Sul,MT,2024-11-09
843,Gabriel,Santos,F,35,gabriel.santos279@outlook.com,,Fortaleza,SC,2023-06-01
844,Murilo,Monteiro,M,77,murilo.monteiro542@gmail.com,,Recife,GO,2023-02-01
845,Enzo,Almeida,F,64,enzo.almeida279@hotmail.com,(83)96847-2574,Salvador,RS,2023/10/28
846,Vinicius,Dias,F,66,vinicius.dias442@gmail.com,(40)97729-1718,Porto Alegre,CE,2022-05-29
847,Carolina,Rocha,M,63,carolina.rocha100@gmail.com,(46)98370-4425,Rio de Janeiro,RJ,2022-07-11
848,Helena,Araujo,M,,helena.araujo706@outlook.com,(11)99020-4544,Feira de Santana,MT,2025-04-08
849,Tatiane,Rodrigues,F,18,tatiane.rodrigues772@yahoo.com.br,(91)91349-5509,Porto Alegre,CE,2022-04-03
850,Julia,Ferreira,F,30,julia.ferreira461@hotmail.com,,Porto Alegre,ES,2023-09-06
851,Daniel,Lima,F,0,daniel,(24)92389-3581,Porto Alegre,BA,2023-04-15
852,Rafael,Rodrigues,F,63,rafael.rodrigues162@hotmail.com,(67)95574-6172,Curitiba,ES,2022-02-11
853,Isabela,Gomes,M,67,isabela.gomes119@hotmail.com,(25)98853-7465,Fortaleza,SP,2024-11-26
854,Fernanda,Lima,M,33,fernanda.lima566@gmail.com,(53)99993-3231,,RS,2022-10-14
855,Fernanda,Teixeira,M,58,fernanda.teixeira74@yahoo.com.br,(52)98551-3697,Curitiba,SP,2022-01-24
856,Caio,Monteiro,M,-5,caio.monteiro776@gmail.com,(23)98192-9831,Joinville,MS,2022-02-22
857,Vinicius,Nascimento,F,42,vinicius.nascimento268@hotmail.com,(84)99847-8811,Londrina,RJ,2022-11-05
858,Murilo,Almeida,M,50,murilo.almeida481@gmail.com,999999,São Paulo,BA,2023-12-09
859,Marcos,Carvalho,M,64,marcos.carvalho577@gmail.com,(40)96269-7054,Campinas,ES,2025-03-27
860,João,Araujo,M,,joão.araujo247@yahoo.com.br,(56)91278-9615,Uberlândia,São Paulo,2022-09-08
861,Larissa,Barbosa,M,25,larissa.barbosa751@outlook.com,(71)99166-5079,Campo Grande,RS,2024-12-18
862,Fernando,Rodrigues,M,33,fernando.rodrigues410@outlook.com,(96)96038-7678,Londrina,BA,2022-09-25
863,Enzo,Barbosa,F,45,enzo.barbosa258@gmail.com,,Salvador,BA,2022-11-17
864,Murilo,Carvalho,M,66,murilo.carvalho808@hotmail.com,(34)95814-4140,São Paulo,SC,2024-04-22
865,Isabela,Barbosa,M,54,isabela.barbosa749@gmail.com,(33)95512-6432,Belo Horizonte,SP,28/11/2023
866,Isabela,Costa,M,31,isabela.costa844@outlook.com,(26)97467-4635,Belo Horizonte,CE,2024-07-20
867,Enzo,Santos,M,0,enzo.santos647@hotmail.com,(39)91642-7662,Campinas,ES,2024-10-31
868,Bruno,Gomes,F,24,bruno,999999,Fortaleza,RJ,2025-01-30
869,Helena,Barbosa,F,,helena.barbosa720@yahoo.com.br,(26)97807-1050,Vitória,MS,2023-12-10
870,Pedro,Oliveira,M,37,pedro.oliveira655@outlook.com,(78)98820-6618,São Paulo,BA,2023-02-03
871,Enzo,Pereira,M,78,enzo.pereira463@outlook.com,(15)95816-3130,Campo Grande,SP,2024-01-22
872,Caio,Nascimento,F,33,caio.nascimento990@gmail.com,(65)91294-1690,Porto Alegre,Rio,2024-01-10
873,Helena,Oliveira,M,70,helena,(38)95161-6579,Joinville,MT,2023-01-11
874,Carlos,Dias,F,58,carlos.dias660@hotmail.com,(48)91660-2897,Caxias do Sul,ES,2024-12-16
875,Caio,Ferreira,F,39,caio.ferreira935@hotmail.com,(89)93033-1874,Niterói,CE,2022-02-06
876,Pedro,Barbosa,M,41,pedro.barbosa293@hotmail.com,(43)93713-7600,Vitória,PE,2024-05-11
877,Tatiane,Gomes,F,73,tatiane.gomes658@yahoo.com.br,(57)97293-5066,Belo Horizonte,SP,2024-10-21
878,Tatiane,Correia,M,68,tatiane.correia912@hotmail.com,(39)95823-3314,Feira de Santana,SP,2024-04-15
879,Maria,Araujo,M,48,maria.araujo428@gmail.com,(82)94737-9519,Vitória,MS,2024-01-11
880,Aline,Lima,M,60,aline.lima292@gmail.com,(26)93334-8113,,ES,2022-10-29
881,Murilo,Carvalho,F,52,murilo.carvalho96@yahoo.com.br,(38)91244-8895,Feira de Santana,MG,2023-01-25
882,Bruno,Melo,M,39,bruno.melo197@outlook.com,(50)99339-5454,Campinas,MG,2024-09-06
883,Ana,Silva,F,60,ana.silva930yahoo.com.br,(60)99255-4310,Rio de Janeiro,MS,2023-11-17
884,Maria,Souza,F,-5,maria.souza645@gmail.com,(33)99549-4209,Fortaleza,PE,2022/10/22
885,Fernanda,Ribeiro,F,35,fernanda.ribeiro614@outlook.com,(28)97606-7744,Belo Horizonte,MT,2022-07-08
886,Vanessa,Freitas,F,58,vanessa.freitas165@gmail.com,(78)99741-5305,Rio de Janeiro,GO,2023-04-21
887,Mateus,Nascimento,M,40,mateus.nascimento938@yahoo.com.br,999999,Porto Alegre,MG,07-28-2022
888,Ana,Gomes,F,25,ana.gomes526@outlook.com,(55)97160-2986,Porto Alegre,Minas,2023-09-21
889,Pedro,Freitas,F,,pedro.freitas885@yahoo.com.br,,Niterói,SP,2023-04-30
890,Bernardo,Rodrigues,F,71,bernardo.rodrigues950@hotmail.com,(76)93790-4058,,RJ,2024-10-03
891,Sofia,Araujo,M,70,sofia.araujo953@yahoo.com.br,(73)98175-4831,Feira de Santana,MT,2023-05-13
892,Renata,Pereira,F,52,renata.pereira347@hotmail.com,(74)99922-8023,Salvador,GO,2024-09-06
893,Fernando,Dias,M,33,fernando.dias16@outlook.com,(95)93800-3956,Caxias do Sul,MG,2022-06-26
894,Bernardo,Monteiro,F,vinte,bernardo.monteiro704@outlook.com,abc123,Rio de Janeiro,MS,2024-03-25
895,Murilo,Correia,M,vinte,murilo.correia624@outlook.com,(27)91619-6421,Campinas,RS,2025-01-15
896,Enzo,Correia,F,63,enzo.correia306@outlook.com,(19)92376-5645,Joinville,GO,2022-03-15
897,Eduardo,Oliveira,M,40,eduardo.oliveira412@yahoo.com.br,(95)94059-1429,Vitória,RJ,2022-05-11
898,Davi,Rocha,F,49,davi.rocha154@yahoo.com.br,(27)96244-9456,Fortaleza,SP,2024-12-25
899,Aline,Silva,M,43,aline.silva713@outlook.com,(60)97241-6437,Goiânia,Sao Paulo,2022-12-10
900,Bianca,Pereira,F,67,bianca.pereira187@yahoo.com.br,(89)95819-4042,Caxias do Sul,MT,2025-03-25
901,Fernando,Costa,M,73,teste@,(72)93914-6625,Salvador,BA,2023-03-30
902,Fernanda,Nascimento,F,51,fernanda.nascimento882@gmail.com,(93)99022-9502,Curitiba,MT,2023/10/27
903,Murilo,Dias,F,67,murilo.dias199@outlook.com,(76)92220-2854,Cuiabá,RS,2024-12-04
904,Diego,Melo,M,33,diego.melo373@hotmail.com,(24)96353-6370,Porto Alegre,PR,2023-03-16
905,Patricia,Freitas,M,72,patricia.freitas437@yahoo.com.br,,Vitória,CE,2022-08-12
906,Caio,Oliveira,M,20,caio.oliveira631@gmail.com,(88)93156-8831,São Paulo,MT,2024-12-14
907,Caio,Carvalho,M,43,caio.carvalho571@yahoo.com.br,(85)99297-7807,Goiânia,MG,2022-10-11
908,Diego,Barbosa,F,39,diego.barbosa348@yahoo.com.br,(89)95719-3912,Campo Grande,RJ,2022-06-19
909,Daniel,Nascimento,M,19,daniel.nascimento44@hotmail.com,(93)94802-2191,Caxias do Sul,RJ,2023-10-30
910,Lucas,Ferreira,F,,lucas.ferreira209@yahoo.com.br,(49)95659-9516,Campo Grande,MS,2024-10-01
911,Samuel,Costa,F,45,samuel.costa300@yahoo.com.br,,Joinville,CE,2022-12-10
912,Isabela,Ferreira,M,78,isabela.ferreira178@gmail.com,abc123,Vitória,SP,2023-09-17
913,Pedro,Gomes,M,-5,pedro.gomes502@hotmail.com,(79)93704-8727,Salvador,GO,2022-12-29
914,Vinicius,Dias,F,47,vinicius.dias273@yahoo.com.br,(15)96331-3333,Vitória,PE,2024-07-17
915,Davi,Araujo,F,33,davi.araujo890@hotmail.com,(33)92037-8490,Porto Alegre,CE,2023-03-21
916,Theo,Melo,M,79,theo.melo177@hotmail.com,(63)93804-2651,Feira de Santana,MS,2022-06-04
917,Beatriz,Araujo,M,53,beatriz.araujo373@hotmail.com,(51)96047-5370,Feira de Santana,GO,2024-10-06
918,Fernando,Almeida,F,33,fernando.almeida260@yahoo.com.br,(68)98189-1044,Uberlândia,MG,2022-04-24
919,Davi,Correia,F,47,davi.correia220@yahoo.com.br,(82)99502-4981,Belo Horizonte,ES,2022-07-21
920,Gustavo,Gomes,M,64,gustavo.gomes178@gmail.com,(88)98628-9497,Campo Grande,PR,2023-03-08
921,Enzo,Teixeira,F,74,enzo.teixeira653@yahoo.com.br,(16)94309-1284,Curitiba,BA,2022-06-17
922,Tatiane,Nascimento,F,25,tatiane.nascimento167@hotmail.com,(22)91374-3444,Fortaleza,MS,2023-12-15
923,Marcos,Almeida,M,30,marcos.almeida844@hotmail.com,(21)94447-9189,Rio de Janeiro,BA,2022-04-10
924,Enzo,Lima,M,25,enzo.lima947@yahoo.com.br,(25)92462-2899,Niterói,MG,2022-03-27
925,Enzo,Souza,F,46,enzo.souza948@yahoo.com.br,(38)91606-5810,Fortaleza,RS,01-03-2025
926,Luiz,Ribeiro,F,74,luiz.ribeiro107@hotmail.com,(47)91372-7468,Campo Grande,SP,2025-03-26
927,Mateus,Lima,M,,mateus.lima843@hotmail.com,(59)92081-1020,Porto Alegre,PR,2022-09-20
928,Sofia,Dias,M,-5,sofia.dias122@hotmail.com,(52)99841-7007,Salvador,RS,2022-02-25
929,Lucas,Freitas,M,67,lucas.freitas953@gmail.com,(40)99107-5553,Campinas,GO,2022-06-24
930,Sofia,Silva,M,44,sofia.silva544@gmail.com,(98)91124-4634,,São Paulo,2024-01-14
931,Fernando,Dias,F,54,fernando.dias915@outlook.com,(55)97094-5670,Feira de Santana,SC,2024-09-09
932,Mateus,Rodrigues,M,,mateus.rodrigues61@gmail.com,999999,Feira de Santana,BA,2023-07-20
933,Marcos,Dias,M,28,marcos.dias530@gmail.com,(29)91499-2772,Florianópolis,RS,31/02/2025
934,Carlos,Costa,M,21,carlos.costa993@gmail.com,(46)99061-5919,Porto Alegre,CE,99/99/9999
935,Daniel,Pereira,F,40,daniel.pereira721@yahoo.com.br,(82)91089-6468,Porto Alegre,ES,2023-02-15
936,Rafael,Rocha,F,77,,(28)98782-1310,Campinas,BA,2024-05-21
937,Diego,Ribeiro,M,-5,diego.ribeiro603@yahoo.com.br,(13)95303-4865,Recife,CE,2025-02-26
938,Henrique,Ribeiro,M,62,henrique.ribeiro684@gmail.com,(88)99222-1620,Fortaleza,GO,2024-03-19
939,Aline,Dias,M,58,aline.dias605@yahoo.com.br,(82)95794-2672,Feira de Santana,MG,2023-03-19
940,Pedro,Dias,M,48,pedro.dias179@outlook.com,(76)95736-2866,Vitória,Minas,2022-12-05
941,Davi,Lima,M,19,davi.lima840@hotmail.com,(95)91449-5251,Niterói,MT,2022-06-21
942,Bernardo,Teixeira,F,66,bernardo.teixeira919@gmail.com,119999,,RJ,2025-01-24
943,Larissa,Almeida,M,52,larissa.almeida902@outlook.com,(67)99304-7124,Goiânia,SP,2022-02-22
944,João,Martins,M,48,joão.martins185@hotmail.com,(22)92376-3585,Campo Grande,MS,2023-07-08
945,Helena,Monteiro,M,45,helena.monteiro771@yahoo.com.br,(72)91819-5376,Campinas,RJ,2023-06-14
946,Marcos,Melo,F,,marcos.melo922@hotmail.com,(99)94672-6460,Salvador,GO,2025-04-04
947,Davi,Monteiro,F,59,davi.monteiro907@yahoo.com.br,(60)99958-5073,Curitiba,SC,2024-07-16
948,Gabriel,Oliveira,M,vinte,gabriel.oliveira164@outlook.com,(46)99890-9957,,ES,2023-03-31
949,Fernando,Araujo,M,62,fernando.araujo141@outlook.com,(78)98293-2116,,RJ,07/09/2023
950,Sofia,Moreira,M,64,sofia.moreira895@hotmail.com,(63)91006-6598,Uberlândia,Minas,2023-10-20
951,Carlos,Gomes,M,39,carlos.gomes369@outlook.com,(89)92595-8027,Florianópolis,CE,2023-08-16
952,Tatiane,Martins,F,43,tatiane.martins496@gmail.com,(79)99955-1685,Recife,SP,2024-03-31
953,Carolina,Lima,F,24,carolina.lima530@gmail.com,(61)97169-5342,Recife,MS,2023-05-25
954,Sofia,Gomes,F,62,sofia.gomes519@yahoo.com.br,(52)96575-5279,Florianópolis,Sao Paulo,2022-10-04
955,Bernardo,Pereira,F,21,bernardo.pereira253@yahoo.com.br,,Niterói,São Paulo,2023-04-11
956,Bianca,Moreira,F,67,bianca.moreira322@hotmail.com,(76)95258-6368,Joinville,SP,99/99/9999
957,Laura,Lima,F,37,laura.lima301@yahoo.com.br,(82)98125-8067,Cuiabá,BA,2023-06-21
958,Laura,Nascimento,F,45,laura.nascimento349@gmail.com,(51)94616-4150,Campo Grande,SP.,2023-05-12
959,Gustavo,Rodrigues,F,69,gustavo.rodrigues875@hotmail.com,(24)97496-6472,Vitória,SP,2022-01-19
960,Bernardo,Martins,M,28,bernardo.martins302@hotmail.com,(72)98765-6089,Salvador,RJ,10/03/2024
961,Felipe,Rodrigues,M,63,felipe.rodrigues996@outlook.com,(18)91100-9795,São Paulo,BA,2024-09-12
962,Carolina,Lima,M,30,carolina.lima904@outlook.com,119999,Goiânia,ES,2023-06-23
963,Arthur,Martins,M,22,arthur.martins55@hotmail.com,(72)96605-4735,Feira de Santana,BA,99/99/9999
964,Vinicius,Ribeiro,F,28,vinicius.ribeiro180@outlook.com,(40)99248-6313,Curitiba,SC,31/02/2025
965,Larissa,Almeida,F,59,larissa.almeida150@hotmail.com,(35)93525-8331,Londrina,CE,2024-10-03
966,Miguel,Freitas,F,70,miguel.freitas793@yahoo.com.br,(93)93725-9016,,MT,2025-01-08
967,Rafael,Oliveira,M,75,rafael.oliveira63@gmail.com,(16)95176-6389,,ES,2023-04-16
968,Bianca,Barbosa,M,71,bianca.barbosa236outlook.com,(61)98217-8768,Campo Grande,BA,2023-12-09
969,Camila,Rodrigues,F,34,camila.rodrigues438@gmail.com,(57)92080-8784,Vitória,ES,2025-02-05
970,Theo,Monteiro,F,59,theo.monteiro611@gmail.com,(95)95185-9828,Salvador,BA,2025-04-15
971,Caio,Lima,M,74,caio.lima323@yahoo.com.br,(46)98363-3253,Curitiba,Sao Paulo,2025-01-11
972,Ricardo,Teixeira,M,34,ricardo.teixeira852@hotmail.com,(83)92690-3473,Niterói,GO,2022-03-03
973,Rafael,Melo,M,31,rafael.melo571@hotmail.com,(12)94032-4768,Uberlândia,Santa Catarina,2024-08-02
974,Paulo,Souza,F,,paulo.souza561@gmail.com,(22)95731-2011,Caxias do Sul,PR,2023-05-15
975,Marcos,Melo,F,50,marcos.melo802@hotmail.com,(86)96183-2600,,SP,2024-07-25
976,Fernando,Pereira,F,18,fernando.pereira976@yahoo.com.br,999999,Feira de Santana,BA,2024-05-14
977,Lucas,Silva,F,75,lucas.silva89@gmail.com,(47)91025-8323,Recife,MS,2023-07-05
978,Patricia,Souza,F,51,patricia.souza779@hotmail.com,(29)97191-9753,Fortaleza,BA,2024-07-29
979,Aline,Costa,M,52,aline.costa699@yahoo.com.br,,Uberlândia,MS,2024-07-19
980,Maria,Teixeira,M,56,maria.teixeira136@yahoo.com.br,(91)99552-4060,,MT,2022-01-12
981,Tatiane,Carvalho,M,77,tatiane.carvalho370@outlook.com,(73)98486-5764,Rio de Janeiro,SC,2024-02-28
982,Lucas,Santos,M,52,lucas.santos624@yahoo.com.br,(29)98823-6476,Campo Grande,ES,2023-06-26
983,Gustavo,Rodrigues,F,76,gustavo.rodrigues382@yahoo.com.br,,Feira de Santana,MS,2022-10-17
984,Gustavo,Dias,M,-5,gustavo.dias409@hotmail.com,(17)98526-3812,Porto Alegre,GO,2022-12-30
985,Carolina,Correia,F,,carolina.correia92@yahoo.com.br,(34)93636-5289,Goiânia,BA,2022-05-29
986,Bianca,Moreira,M,-5,bianca.moreira966@gmail.com,(89)93916-8599,Niterói,PR,2023-01-16
987,Nicolas,Souza,F,65,nicolas.souza584@hotmail.com,,Rio de Janeiro,PE,31/02/2025
988,Larissa,Teixeira,M,71,larissa.teixeira588@outlook.com,(93)93307-9550,Goiânia,RS,2024-04-24
989,Helena,Rodrigues,M,35,helena.rodrigues751@gmail.com,(29)98768-4312,Londrina,ES,2022/05/25
990,João,Lima,F,40,joão.lima188@gmail.com,(57)98173-5194,Campo Grande,PR,2022-11-07
991,Pedro,Gomes,F,,pedro.gomes440@yahoo.com.br,(43)95908-9879,Campo Grande,MG,2023-10-14
992,Ricardo,Ribeiro,F,80,ricardo.ribeiro554@gmail.com,(46)91821-7446,Joinville,RJ,2024-01-16
993,Rafael,Ferreira,M,54,rafael.ferreira554@outlook.com,119999,São Paulo,RS,2022-07-24
994,Carlos,Rocha,F,67,carlos.rocha704@gmail.com,(67)97374-1884,Uberlândia,Rs,2023-04-24
995,Camila,Teixeira,M,78,camila.teixeira915@gmail.com,(83)96854-1975,São Paulo,ES,14/04/2022
996,Diego,Ferreira,M,73,diego.ferreira356@outlook.com,(67)95628-1718,Cuiabá,RS,2022-09-22
997,Carolina,Souza,F,77,carolina.souza936@hotmail.com,,Londrina,SC,2022-01-25
998,Sofia,Santos,M,18,sofia.santos900@hotmail.com,(47)92055-2179,Recife,RJ,2023-03-30
999,Diego,Correia,F,57,diego.correia769@hotmail.com,(16)96920-7355,,GO,2025-03-12
1000,Ana,Ribeiro,F,19,@gmail.com,(16)94958-8847,Campo Grande,CE,2023-03-23
